,p,q,P,Q,AIC,BIC,AICc
1,0,0,0,0,-6.30390540047525,-6.0415801860255,-3.92430200104182
2,0,0,0,1,-6.30390540047525,-6.0415801860255,-3.92430200104182
3,0,0,0,2,-6.30390540047525,-6.0415801860255,-3.92430200104182
4,0,0,0,3,-5.64392794204405,-5.56741642116288,-5.57906307717919
5,0,0,0,4,-5.63783855799993,-5.55039681985001,-5.52943747398909
6,0,0,0,5,-5.63272914939006,-5.5343571939714,-5.46968567112919
7,0,0,1,0,-5.68216509014505,-5.62751400380135,-5.671412401973
8,0,0,1,1,-5.71561256923167,-5.65003126561924,-5.68326755575458
9,0,0,1,2,-5.70945086249233,-5.63293934161115,-5.64458599762747
10,0,0,1,3,-5.69786474870463,-5.61042301055472,-5.58946366469379
11,0,0,1,4,-5.6902112684905,-5.59183931307184,-5.52716779022963
12,0,0,1,5,-5.68613030440737,-5.57682813171997,-5.4572474706199
13,0,0,2,0,-5.69173786356776,-5.62615655995533,-5.65939285009067
14,0,0,2,1,-5.70791455737119,-5.63140303649001,-5.64304969250632
15,0,0,2,2,-5.70380117672035,-5.61635943857043,-5.59540009270951
16,0,0,2,3,-5.69400344104226,-5.59563148562361,-5.53095996278139
17,0,0,2,4,-5.69170445915788,-5.58240228647049,-5.46282162537041
18,0,0,2,5,-5.68439958836925,-5.56416719841311,-5.3783886594075
19,0,0,3,0,-5.67928027740378,-5.6027687565226,-5.61441541253891
20,0,0,3,1,-5.69325490421319,-5.60581316606328,-5.58485382020235
21,0,0,3,2,-5.68927309161722,-5.59090113619856,-5.52622961335635
22,0,0,3,3,-5.6883537283409,-5.5790515556535,-5.45947089455343
23,0,0,3,4,-5.68605474052108,-5.56582235056494,-5.38004381155933
24,0,0,3,5,-5.67874988939025,-5.54758728216538,-5.28422934144505
25,0,0,4,0,-5.68301246901508,-5.59557073086516,-5.57461138500424
26,0,0,4,1,-5.68496415378123,-5.58659219836257,-5.52192067552036
27,0,0,4,2,-5.68276539554175,-5.57346322285435,-5.45388256175428
28,0,0,4,3,-5.68096504705863,-5.5607326571025,-5.37495411809688
29,0,0,4,4,-5.68187429940111,-5.55071169217623,-5.2873537514559
30,0,0,4,5,-5.67547213815861,-5.53337931366499,-5.18096664365311
31,0,0,5,0,-5.68514246020439,-5.58677050478574,-5.52209898194352
32,0,0,5,1,-5.68001403957629,-5.5707118668889,-5.45113120578883
33,0,0,5,2,-5.67523180753897,-5.55499941758283,-5.36922087857722
34,0,0,5,3,-5.67454050605579,-5.54337789883092,-5.28001995811059
35,0,0,5,4,-5.67420471010884,-5.53211188561523,-5.17969921560335
36,0,0,5,5,-5.66855499178256,-5.5155319500202,-5.06249438572195
37,0,1,0,0,-5.66855499178256,-5.5155319500202,-5.06249438572195
38,0,1,0,1,-5.6506197921546,-5.58503848854217,-5.61827477867751
39,0,1,0,2,-5.6506197921546,-5.58503848854217,-5.61827477867751
40,0,1,0,3,-5.64144304148469,-5.55400130333478,-5.53304195747385
41,0,1,0,4,-5.63585912923073,-5.53748717381208,-5.47281565096986
42,0,1,0,5,-5.63033683846515,-5.52103466577776,-5.40145400467769
43,0,1,1,0,-5.68134407777874,-5.61576277416631,-5.64899906430165
44,0,1,1,1,-5.71271949797415,-5.63620797709297,-5.64785463310928
45,0,1,1,2,-5.70693550147301,-5.6194937633231,-5.59853441746217
46,0,1,1,3,-5.696994604847,-5.59862264942834,-5.53395112658613
47,0,1,1,4,-5.68992575126489,-5.58062357857749,-5.46104291747742
48,0,1,1,5,-5.68560544013477,-5.56537305017864,-5.37959451117302
49,0,1,2,0,-5.68997203053908,-5.6134605096579,-5.62510716567421
50,0,1,2,1,-5.70502431079718,-5.61758257264726,-5.59662322678634
51,0,1,2,2,-5.70128578218482,-5.60291382676616,-5.53824230392395
52,0,1,2,3,-5.69268796184033,-5.58338578915293,-5.46380512805286
53,0,1,2,4,-5.68984781768936,-5.56961542773323,-5.38383688872761
54,0,1,2,5,-5.68319206625451,-5.55202945902964,-5.28867151830931
55,0,1,3,0,-5.67909608288282,-5.5916543447329,-5.57069499887198
56,0,1,3,1,-5.69082076354316,-5.5924488081245,-5.52777728528229
57,0,1,3,2,-5.68672224738281,-5.57742007469541,-5.45783941359534
58,0,1,3,3,-5.68703823018597,-5.56680584022984,-5.38102730122422
59,0,1,3,4,-5.68419807996647,-5.5530354727416,-5.28967753202126
60,0,1,3,5,-5.67754236622933,-5.53544954173572,-5.18303687172384
61,0,1,4,0,-5.68351758232416,-5.58514562690551,-5.52047410406329
62,0,1,4,1,-5.68335342372994,-5.57405125104255,-5.45447058994248
63,0,1,4,2,-5.67832182573617,-5.55808943578004,-5.37231089677442
64,0,1,4,3,-5.67970595823557,-5.54854335101069,-5.28518541029036
65,0,1,4,4,-5.67970591777124,-5.53761309327763,-5.18520042326575
66,0,1,4,5,-5.6726278897491,-5.51960484798675,-5.06656728368849
67,0,1,5,0,-5.68581075409008,-5.57650858140268,-5.45692792030261
68,0,1,5,1,-5.67774763375591,-5.55751524379977,-5.37173670479416
69,0,1,5,2,-5.67342893781561,-5.54226633059074,-5.27890838987041
70,0,1,5,3,-5.67376299953299,-5.53167017503938,-5.17925750502749
71,0,1,5,4,-5.67262791593788,-5.51960487417553,-5.06656730987728
72,0,1,5,5,-5.66697819718637,-5.50302493815528,-4.93769642923057
73,0,2,0,0,-5.66697819718637,-5.50302493815528,-4.93769642923057
74,0,2,0,1,-5.65624985629172,-5.57973833541055,-5.59138499142686
75,0,2,0,2,-5.64946547677812,-5.5620237386282,-5.54106439276728
76,0,2,0,3,-5.64498851587823,-5.54661656045957,-5.48194503761736
77,0,2,0,4,-5.63937842727449,-5.53007625458709,-5.41049559348702
78,0,2,0,5,-5.63378472022057,-5.51355233026443,-5.32777379125882
79,0,2,1,0,-5.68175501301668,-5.6052434921355,-5.61689014815181
80,0,2,1,1,-5.71333388193688,-5.62589214378696,-5.60493279792604
81,0,2,1,2,-5.71012145327629,-5.61174949785763,-5.54707797501542
82,0,2,1,3,-5.70042100007895,-5.59111882739156,-5.47153816629149
83,0,2,1,4,-5.69295039045964,-5.5727180005035,-5.38693946149789
84,0,2,1,5,-5.68892764520237,-5.5577650379775,-5.29440709725717
85,0,2,2,0,-5.68864706348572,-5.6012053253358,-5.58024597947488
86,0,2,2,1,-5.70768411682733,-5.60931216140867,-5.54464063856646
87,0,2,2,2,-5.70447166579429,-5.59516949310689,-5.47558883200682
88,0,2,2,3,-5.69524388418119,-5.57501149422506,-5.38923295521944
89,0,2,2,4,-5.69135733515319,-5.56019472792832,-5.29683678720798
90,0,2,2,5,-5.68507125403011,-5.54297842953649,-5.19056575952461
91,0,2,3,0,-5.67660377408286,-5.5782318186642,-5.51356029582199
92,0,2,3,1,-5.69347432687464,-5.58417215418725,-5.46459149308718
93,0,2,3,2,-5.68933856862729,-5.56910617867116,-5.38332763966554
94,0,2,3,3,-5.68959416253982,-5.55843155531494,-5.29507361459461
95,0,2,3,4,-5.68570760550638,-5.54361478101277,-5.19120211100089
96,0,2,3,5,-5.67942153340548,-5.52639849164313,-5.07336092734487
97,0,2,4,0,-5.68694143714987,-5.57763926446248,-5.4580586033624
98,0,2,4,1,-5.68708934627673,-5.56685695632059,-5.38107841731498
99,0,2,4,2,-5.6834151317345,-5.55225252450963,-5.2888945837893
100,0,2,4,3,-5.68347732517607,-5.54138450068245,-5.18897183067057
101,0,2,4,4,-5.68285305561365,-5.5298300138513,-5.07679244955305
102,0,2,4,5,-5.67676553351161,-5.51281227448052,-4.94748376555581
103,0,2,5,0,-5.68732771876358,-5.56709532880745,-5.38131678980183
104,0,2,5,1,-5.68171502499581,-5.55055241777094,-5.2871944770506
105,0,2,5,2,-5.67808124452271,-5.53598842002909,-5.18357575001721
106,0,2,5,3,-5.67830415346498,-5.52528111170263,-5.07224354740437
107,0,2,5,4,-5.67609575352891,-5.51214249449781,-4.9468139855731
108,0,2,5,5,-5.6744496852592,-5.49956620895937,-4.81018375728136
109,0,3,0,0,-5.6744496852592,-5.49956620895937,-4.81018375728136
110,0,3,0,1,-5.65077973063465,-5.56333799248474,-5.54237864662381
111,0,3,0,2,-5.64515167467916,-5.54677971926051,-5.48210819641829
112,0,3,0,3,-5.6394209985071,-5.53011882581971,-5.41053816471964
113,0,3,0,4,-5.63376325269225,-5.51353086273612,-5.32775232373051
114,0,3,0,5,-5.62819611245623,-5.49703350523135,-5.23367556451102
115,0,3,1,0,-5.62819611245623,-5.49703350523135,-5.23367556451102
116,0,3,1,1,-5.69926406222011,-5.60089210680145,-5.53622058395924
117,0,3,1,2,-5.69479580871113,-5.58549363602373,-5.46591297492366
118,0,3,1,3,-5.69483515347623,-5.5746027635201,-5.38882422451448
119,0,3,1,4,-5.68731617092209,-5.55615356369721,-5.29279562297688
120,0,3,1,5,-5.68328634481373,-5.54119352032012,-5.18878085030823
121,0,3,2,0,-5.67536701411692,-5.57699505869827,-5.51232353585605
122,0,3,2,1,-5.69361425863494,-5.58431208594755,-5.46473142484747
123,0,3,2,2,-5.68945116204477,-5.56921877208864,-5.38344023308302
124,0,3,2,3,-5.68968888595246,-5.55852627872758,-5.29516833800725
125,0,3,2,4,-5.68573690792004,-5.54364408342643,-5.19123141341455
126,0,3,2,5,-5.67942982486744,-5.52640678310509,-5.07336921880684
127,0,3,3,0,-5.67124452745256,-5.56194235476516,-5.44236169366509
128,0,3,3,1,-5.68796449333635,-5.56773210338022,-5.3819535643746
129,0,3,3,2,-5.68380144386474,-5.55263883663987,-5.28928089591954
130,0,3,3,3,-5.68403916193826,-5.54194633744465,-5.18953366743277
131,0,3,3,4,-5.68008720118238,-5.52706415942003,-5.07402659512177
132,0,3,3,5,-5.67378010614981,-5.50982684711871,-4.944498338194
133,0,3,4,0,-5.68146040202019,-5.56122801206405,-5.37544947305844
134,0,3,4,1,-5.68153826984172,-5.55037566261685,-5.28701772189651
135,0,3,4,2,-5.67784990336068,-5.53575707886707,-5.18334440885518
136,0,3,4,3,-5.67787190304157,-5.52484886127921,-5.07181129698096
137,0,3,4,4,-5.67726046997975,-5.51330721094866,-4.94797870202395
138,0,3,4,5,-5.67120538554991,-5.49632190925008,-4.80693945757207
139,0,3,5,0,-5.68167877530639,-5.55051616808151,-5.28715822736118
140,0,3,5,1,-5.67616847981337,-5.53407565531976,-5.18166298530788
141,0,3,5,2,-5.67251786393598,-5.51949482217363,-5.06645725787537
142,0,3,5,3,-5.67267754109455,-5.50872428206346,-4.94339577313875
143,0,3,5,4,-5.67046739656091,-5.49558392026108,-4.80620146858307
144,0,3,5,5,-5.66882990614937,-5.4830162125808,-4.65771879503826
145,0,4,0,0,-5.66882990614937,-5.4830162125808,-4.65771879503826
146,0,4,0,1,-5.66882990614937,-5.4830162125808,-4.65771879503826
147,0,4,0,2,-5.63958673727611,-5.53028456458872,-5.41070390348865
148,0,4,0,3,-5.63390989631722,-5.51367750636109,-5.32789896735547
149,0,4,0,4,-5.62825453293904,-5.49709192571417,-5.23373398499384
150,0,4,0,5,-5.62271181654862,-5.48061899205501,-5.12820632204313
151,0,4,1,0,-5.66347466798328,-5.56510271256462,-5.50043118972241
152,0,4,1,1,-5.69010174382658,-5.58079957113919,-5.46121891003912
153,0,4,1,2,-5.68587530042261,-5.56564291046648,-5.37986437146087
154,0,4,1,3,-5.68674360798609,-5.55558100076121,-5.29222306004088
155,0,4,1,4,-5.68166948281039,-5.53957665831678,-5.1871639883049
156,0,4,1,5,-5.67763760079475,-5.5246145590324,-5.07157699473414
157,0,4,2,0,-5.67157720577867,-5.56227503309127,-5.4426943719912
158,0,4,2,1,-5.68445191330993,-5.5642195233538,-5.37844098434818
159,0,4,2,2,-5.68370797815233,-5.55254537092746,-5.28918743020713
160,0,4,2,3,-5.68193751291509,-5.53984468842147,-5.18743201840959
161,0,4,2,4,-5.68009018204754,-5.52706714028519,-5.07402957598693
162,0,4,2,5,-5.67378233898548,-5.50982907995439,-4.94450057102968
163,0,4,3,0,-5.66728884264753,-5.54705645269139,-5.36127791368578
164,0,4,3,1,-5.67894270241848,-5.5477800951936,-5.28442215447327
165,0,4,3,2,-5.67805823534768,-5.53596541085406,-5.18355274084218
166,0,4,3,3,-5.67628779676848,-5.52326475500613,-5.07022719070787
167,0,4,3,4,-5.67444043837684,-5.51048717934574,-4.94515867042104
168,0,4,3,5,-5.66813262414368,-5.49324914784384,-4.80386669616584
169,0,4,4,0,-5.67581758795237,-5.5446549807275,-5.28129704000716
170,0,4,4,1,-5.67592737547285,-5.53383455097924,-5.18142188096736
171,0,4,4,2,-5.67224084246156,-5.51921780069921,-5.06618023640095
172,0,4,4,3,-5.67222314773827,-5.50826988870717,-4.94294137978246
173,0,4,4,4,-5.67161168463049,-5.49672820833065,-4.80734575665265
174,0,4,4,5,-5.66670456287376,-5.48089086930519,-4.65559345176265
175,0,4,5,0,-5.67607284470595,-5.53398002021234,-5.18156735020046
176,0,4,5,1,-5.67055050688354,-5.51752746512119,-5.06448990082294
177,0,4,5,2,-5.6669060831167,-5.50295282408561,-4.9376243151609
178,0,4,5,3,-5.6670281524279,-5.49214467612807,-4.80276222445006
179,0,4,5,4,-5.66483352442294,-5.47901983085437,-4.65372241331183
180,0,4,5,5,-5.66318047541442,-5.46643656457711,-4.49326404087403
181,0,5,0,0,-5.66318047541442,-5.46643656457711,-4.49326404087403
182,0,5,0,1,-5.63709295290201,-5.52779078021461,-5.40821011911454
183,0,5,0,2,-5.63419114544219,-5.51395875548606,-5.32818021648044
184,0,5,0,3,-5.62845114128954,-5.49728853406467,-5.23393059334433
185,0,5,0,4,-5.62287842689674,-5.48078560240313,-5.12837293239124
186,0,5,0,5,-5.6170644581666,-5.46404141640425,-5.011003852106
187,0,5,1,0,-5.65916760329768,-5.54986543061028,-5.43028476951021
188,0,5,1,1,-5.68636665465239,-5.56613426469625,-5.38035572569064
189,0,5,1,2,-5.68218354161163,-5.55102093438675,-5.28766299366642
190,0,5,1,3,-5.68294053800332,-5.54084771350971,-5.18843504349783
191,0,5,1,4,-5.67786075302319,-5.52483771126084,-5.07180014696259
192,0,5,1,5,-5.67221102397249,-5.50825776494139,-4.94292925601668
193,0,5,2,0,-5.66541457851827,-5.54518218856213,-5.35940364955652
194,0,5,2,1,-5.68071687625987,-5.54955426903499,-5.28619632831466
195,0,5,2,2,-5.67653394242211,-5.5344411179285,-5.18202844791662
196,0,5,2,3,-5.67729082669663,-5.52426778493428,-5.07123022063602
197,0,5,2,4,-5.67392067893102,-5.50996741989992,-4.94463891097521
198,0,5,2,5,-5.66880802310285,-5.49392454680301,-4.80454209512501
199,0,5,3,0,-5.66067522003636,-5.52951261281148,-5.26615467209115
200,0,5,3,1,-5.67506712801943,-5.53297430352582,-5.18056163351394
201,0,5,3,2,-5.67088407571437,-5.51786103395202,-5.06482346965377
202,0,5,3,3,-5.67164110581487,-5.50768784678378,-4.94235933785907
203,0,5,3,4,-5.66827095620075,-5.49338747990092,-4.80400502822291
204,0,5,3,5,-5.66262123618834,-5.47680754261977,-4.65151012507723
205,0,5,4,0,-5.66919387848586,-5.52710105399225,-5.17468838398036
206,0,5,4,1,-5.67116550338176,-5.51814246161941,-5.06510489732116
207,0,5,4,2,-5.66744593307735,-5.50349267404626,-4.93816416512155
208,0,5,4,3,-5.66741509918008,-5.49253162288025,-4.80314917120224
209,0,5,4,4,-5.66488644248347,-5.4790727489149,-4.65377533137236
210,0,5,4,5,-5.66138741660594,-5.46464350576863,-4.49147098206555
211,0,5,5,0,-5.67047572338311,-5.51745268162076,-5.06441511732251
212,0,5,5,1,-5.66551575916053,-5.50156250012944,-4.93623399120473
213,0,5,5,2,-5.66179620551475,-5.48691272921492,-4.79753027753691
214,0,5,5,3,-5.66178384686577,-5.4759701532972,-4.65067273575466
215,0,5,5,4,-5.65936658390883,-5.46262267307152,-4.48945014936844
216,0,5,5,5,-5.65776314923205,-5.450089021126,-4.31698102632702
217,1,0,0,0,-5.65776314923205,-5.450089021126,-4.31698102632702
218,1,0,0,1,-5.64997545152175,-5.58439414790932,-5.61763043804467
219,1,0,0,2,-5.64997545152175,-5.58439414790932,-5.61763043804467
220,1,0,0,3,-5.64034246279175,-5.55290072464183,-5.53194137878091
221,1,0,0,4,-5.63528861468799,-5.53691665926934,-5.47224513642712
222,1,0,0,5,-5.6297691780628,-5.52046700537541,-5.40088634427534
223,1,0,1,0,-5.68012109310793,-5.61453978949549,-5.64777607963084
224,1,0,1,1,-5.71229050287214,-5.63577898199096,-5.64742563800727
225,1,0,1,2,-5.70640279230828,-5.61896105415836,-5.59800170829744
226,1,0,1,3,-5.69609502315316,-5.5977230677345,-5.53305154489229
227,1,0,1,4,-5.68891399960781,-5.57961182692042,-5.46003116582035
228,1,0,1,5,-5.68462216730103,-5.5643897773449,-5.37861123833929
229,1,0,2,0,-5.68941283582527,-5.6129013149441,-5.62454797096041
230,1,0,2,1,-5.70459096633295,-5.61714922818303,-5.59618988232211
231,1,0,2,2,-5.70075309227147,-5.60238113685282,-5.5377096140106
232,1,0,2,3,-5.69195188693862,-5.58264971425122,-5.46306905315115
233,1,0,2,4,-5.6892370968547,-5.56900470689857,-5.38322616789295
234,1,0,2,5,-5.68244874254596,-5.55128613532109,-5.28792819460076
235,1,0,3,0,-5.67845459737557,-5.59101285922565,-5.57005351336473
236,1,0,3,1,-5.69030392030884,-5.59193196489019,-5.52726044204797
237,1,0,3,2,-5.68621282846112,-5.57691065577372,-5.45732999467365
238,1,0,3,3,-5.68630218046598,-5.56606979050985,-5.38029125150423
239,1,0,3,4,-5.68358737731901,-5.55242477009413,-5.2890668293738
240,1,0,3,5,-5.67679902473341,-5.5347062002398,-5.18229353022791
241,1,0,4,0,-5.6823811870705,-5.58400923165185,-5.51933770880964
242,1,0,4,1,-5.68212493020072,-5.57282275751332,-5.45324209641325
243,1,0,4,2,-5.67762290687552,-5.55739051691939,-5.37161197791378
244,1,0,4,3,-5.67894934143855,-5.54778673421367,-5.28442879349334
245,1,0,4,4,-5.67913073897221,-5.53703791447859,-5.18462524446671
246,1,0,4,5,-5.67191700071273,-5.51889395895038,-5.06585639465213
247,1,0,5,0,-5.68482369321922,-5.57552152053183,-5.45594085943176
248,1,0,5,1,-5.67717893954126,-5.55694654958512,-5.37116801057951
249,1,0,5,2,-5.67274649205466,-5.54158388482979,-5.27822594410946
250,1,0,5,3,-5.67286528500463,-5.53077246051101,-5.17835979049913
251,1,0,5,4,-5.67191700538276,-5.51889396362041,-5.06585639932215
252,1,0,5,5,-5.66626728713338,-5.50231402810229,-4.93698551917758
253,1,1,0,0,-5.66626728713338,-5.50231402810229,-4.93698551917758
254,1,1,0,1,-5.65344545660877,-5.5769339357276,-5.58858059174391
255,1,1,0,2,-5.64780464613762,-5.5603629079877,-5.53940356212678
256,1,1,0,3,-5.6329577249664,-5.53458576954775,-5.46991424670553
257,1,1,0,4,-5.62736584112373,-5.51806366843634,-5.39848300733627
258,1,1,0,5,-5.62186192783077,-5.50162953787464,-5.31585099886902
259,1,1,1,0,-5.67157807151613,-5.59506655063495,-5.60671320665126
260,1,1,1,1,-5.70490103370067,-5.61745929555075,-5.59649994968983
261,1,1,1,2,-5.69884548431047,-5.60047352889182,-5.53580200604961
262,1,1,1,3,-5.68678237372346,-5.57748020103607,-5.457899539936
263,1,1,1,4,-5.67909050358022,-5.55885811362408,-5.37307957461847
264,1,1,1,5,-5.67508210239119,-5.54391949516632,-5.28056155444599
265,1,1,2,0,-5.68965327691181,-5.60221153876189,-5.58125219290097
266,1,1,2,1,-5.69717827680427,-5.59880632138562,-5.53413479854341
267,1,1,2,2,-5.69319585460754,-5.58389368192015,-5.46431302082008
268,1,1,2,3,-5.68278938375416,-5.56255699379803,-5.37677845479241
269,1,1,2,4,-5.68091335760198,-5.54975075037711,-5.28639280965677
270,1,1,2,5,-5.67316149999983,-5.53106867550621,-5.17865600549433
271,1,1,3,0,-5.67081858619693,-5.57244663077827,-5.50777510793606
272,1,1,3,1,-5.68230713256012,-5.57300495987273,-5.45342429877266
273,1,1,3,2,-5.67833095261066,-5.55809856265453,-5.37232002364892
274,1,1,3,3,-5.67713963771401,-5.54597703048913,-5.2826190897688
275,1,1,3,4,-5.67481320731663,-5.53272038282302,-5.18030771281114
276,1,1,3,5,-5.68025528581206,-5.52723224404971,-5.07419467975146
277,1,1,4,0,-5.67198073790446,-5.56267856521707,-5.44309790411699
278,1,1,4,1,-5.67416711071146,-5.55393472075533,-5.36815618174971
279,1,1,4,2,-5.67169343298755,-5.54053082576267,-5.27717288504234
280,1,1,4,3,-5.67113075135429,-5.52903792686068,-5.17662525684879
281,1,1,4,4,-5.6842323288997,-5.53120928713735,-5.0781717228391
282,1,1,4,5,-5.66438883242245,-5.50043557339136,-4.93510706446665
283,1,1,5,0,-5.67503826020052,-5.55480587024439,-5.36902733123877
284,1,1,5,1,-5.66915066056795,-5.53798805334308,-5.27463011262275
285,1,1,5,2,-5.66438165299704,-5.52228882850343,-5.16987615849155
286,1,1,5,3,-5.66345440658295,-5.5104313648206,-5.05739380052234
287,1,1,5,4,-5.66308828726829,-5.4991350282372,-4.93380651931249
288,1,1,5,5,-5.66117707173877,-5.48629359543894,-4.79691114376093
289,1,2,0,0,-5.66117707173877,-5.48629359543894,-4.79691114376093
290,1,2,0,1,-5.66117707173877,-5.48629359543894,-4.79691114376093
291,1,2,0,2,-5.66117707173877,-5.48629359543894,-4.79691114376093
292,1,2,0,3,-5.63875542796979,-5.52945325528239,-5.40987259418232
293,1,2,0,4,-5.63383319874033,-5.5136008087842,-5.32782226977859
294,1,2,0,5,-5.62821440071034,-5.49705179348547,-5.23369385276514
295,1,2,1,0,-5.67394994650698,-5.58650820835707,-5.56554886249614
296,1,2,1,1,-5.70780025766642,-5.60942830224777,-5.54475677940555
297,1,2,1,2,-5.70452687384091,-5.59522470115351,-5.47564404005344
298,1,2,1,3,-5.69483074831715,-5.57459835836101,-5.3888198193554
299,1,2,1,4,-5.68731554832697,-5.5561529411021,-5.29279500038177
300,1,2,1,5,-5.68328613436291,-5.54119330986929,-5.18878063985741
301,1,2,2,0,-5.67750399962203,-5.57913204420338,-5.51446052136116
302,1,2,2,1,-5.70215053136361,-5.59284835867622,-5.47326769757615
303,1,2,2,2,-5.69887715251083,-5.5786447625547,-5.39286622354908
304,1,2,2,3,-5.68968037724593,-5.55851777002106,-5.29515982930072
305,1,2,2,4,-5.68573567095578,-5.54364284646217,-5.19123017645029
306,1,2,2,5,-5.67942955178545,-5.5264065100231,-5.07336894572485
307,1,2,3,0,-5.67379827322549,-5.56449610053809,-5.44491543943802
308,1,2,3,1,-5.68797793405757,-5.56774554410144,-5.38196700509582
309,1,2,3,2,-5.68381846692697,-5.5526558597021,-5.28929791898177
310,1,2,3,3,-5.6840306587467,-5.54193783425309,-5.18952516424121
311,1,2,3,4,-5.68008595395396,-5.52706291219161,-5.07402534789336
312,1,2,3,5,-5.67377979439338,-5.50982653536228,-4.94449802643757
313,1,2,4,0,-5.68030094120088,-5.56006855124475,-5.37429001223913
314,1,2,4,1,-5.68154613110123,-5.55038352387636,-5.28702558315603
315,1,2,4,2,-5.67785694911666,-5.53576412462305,-5.18335145461117
316,1,2,4,3,-5.6778703458275,-5.52484730406515,-5.07180973976689
317,1,2,4,4,-5.67726092599934,-5.51330766696825,-4.94797915804354
318,1,2,4,5,-5.67184697114079,-5.49696349484096,-4.80758104316295
319,1,2,5,0,-5.71020235998393,-5.57903975275906,-5.31568181203873
320,1,2,5,1,-5.67617652451015,-5.53408370001653,-5.18167103000465
321,1,2,5,2,-5.67252532919232,-5.51950228742997,-5.06646472313172
322,1,2,5,3,-5.67267701453129,-5.5087237555002,-4.94339524657549
323,1,2,5,4,-5.67046869476466,-5.49558521846483,-4.80620276678682
324,1,2,5,5,-5.66937640402985,-5.48356271046128,-4.65826529291874
325,1,3,0,0,-5.66937640402985,-5.48356271046128,-4.65826529291874
326,1,3,0,1,-5.65080548900846,-5.55243353358981,-5.4877620107476
327,1,3,0,2,-5.64517456467562,-5.53587239198823,-5.41629173088815
328,1,3,0,3,-5.64276125638745,-5.52252886643131,-5.3367503274257
329,1,3,0,4,-5.63723050561183,-5.50606789838696,-5.24270995766663
330,1,3,0,5,-5.62250739839483,-5.48041457390122,-5.12800190388933
331,1,3,1,0,-5.63676382196877,-5.53839186655012,-5.4737203437079
332,1,3,1,1,-5.69435524258099,-5.5850530698936,-5.46547240879353
333,1,3,1,2,-5.68986665241331,-5.56963426245717,-5.38385572345156
334,1,3,1,3,-5.69004852029539,-5.55888591307052,-5.29552797235018
335,1,3,1,4,-5.68264322238426,-5.54055039789064,-5.18813772787876
336,1,3,1,5,-5.67861628759249,-5.52559324583014,-5.07255568153188
337,1,3,2,0,-5.67861628759249,-5.52559324583014,-5.07255568153188
338,1,3,2,1,-5.68870552014822,-5.56847313019209,-5.38269459118647
339,1,3,2,2,-5.68452229323084,-5.55335968600596,-5.29000174528563
340,1,3,2,3,-5.68488736570983,-5.54279454121622,-5.19038187120434
341,1,3,2,4,-5.68106563001425,-5.5280425882519,-5.07500502395364
342,1,3,2,5,-5.67505145650239,-5.51109819747129,-4.94576968854658
343,1,3,3,0,-5.66956186874539,-5.54932947878926,-5.36355093978364
344,1,3,3,1,-5.68305580282335,-5.55189319559848,-5.28853525487815
345,1,3,3,2,-5.67887257169506,-5.53677974720145,-5.18436707718957
346,1,3,3,3,-5.67923765220209,-5.52621461043974,-5.07317704614148
347,1,3,3,4,-5.6754159114598,-5.51146265242871,-4.946134143504
348,1,3,3,5,-5.66911472314477,-5.49423124684493,-4.80484879516693
349,1,3,4,0,-5.67564275090009,-5.54448014367522,-5.28112220295489
350,1,3,4,1,-5.67684456788335,-5.53475174338974,-5.18233907337786
351,1,3,4,2,-5.67310527724709,-5.52008223548474,-5.06704467118648
352,1,3,4,3,-5.67300401745138,-5.50905075842029,-4.94372224949558
353,1,3,4,4,-5.67242052607656,-5.49753704977673,-4.80815459809872
354,1,3,4,5,-5.66757776843307,-5.4817640748645,-4.65646665732196
355,1,3,5,0,-5.67710944435514,-5.53501661986153,-5.18260394984965
356,1,3,5,1,-5.67147236075456,-5.51844931899221,-5.06541175469395
357,1,3,5,2,-5.6677642115522,-5.50381095252111,-4.9384824435964
358,1,3,5,3,-5.66788500779965,-5.49300153149981,-4.80361907982181
359,1,3,5,4,-5.66604213609113,-5.48022844252256,-4.65493102498002
360,1,3,5,5,-5.66624220377009,-5.46949829293278,-4.4963257692297
361,1,4,0,0,-5.66624220377009,-5.46949829293278,-4.4963257692297
362,1,4,0,1,-5.64711656526725,-5.53781439257985,-5.41823373147978
363,1,4,0,2,-5.64244062753033,-5.5222082375742,-5.33642969856858
364,1,4,0,3,-5.62852050115153,-5.49735789392666,-5.23399995320633
365,1,4,0,4,-5.62281134128795,-5.48071851679434,-5.12830584678246
366,1,4,0,5,-5.61700021043117,-5.46397716866882,-5.01093960437056
367,1,4,1,0,-5.66117101405163,-5.55186884136424,-5.43228818026416
368,1,4,1,1,-5.68505668530337,-5.56482429534724,-5.37904575634162
369,1,4,1,2,-5.68101827550499,-5.54985566828012,-5.28649772755979
370,1,4,1,3,-5.68196707499342,-5.5398742504998,-5.18746158048792
371,1,4,1,4,-5.6770228108231,-5.52399976906075,-5.0709622047625
372,1,4,1,5,-5.67300688503627,-5.50905362600518,-4.94372511708047
373,1,4,2,0,-5.66978118902539,-5.54954879906925,-5.36377026006364
374,1,4,2,1,-5.67940687036796,-5.54824426314309,-5.28488632242275
375,1,4,2,2,-5.67906441119843,-5.53697158670482,-5.18455891669294
376,1,4,2,3,-5.67710401275963,-5.52408097099728,-5.07104340669903
377,1,4,2,4,-5.67542740202655,-5.51147414299545,-4.94614563407074
378,1,4,2,5,-5.66915067748374,-5.49426720118391,-4.8048847495059
379,1,4,3,0,-5.66553969863742,-5.53437709141255,-5.27101915069222
380,1,4,3,1,-5.67410580541359,-5.53201298091998,-5.1796003109081
381,1,4,3,2,-5.67341469782703,-5.52039165606468,-5.06735409176642
382,1,4,3,3,-5.671454279684,-5.50750102065291,-4.9421725117282
383,1,4,3,4,-5.66977768796816,-5.49489421166833,-4.80551175999032
384,1,4,3,5,-5.66375759685913,-5.47794390329056,-4.65264648574802
385,1,4,4,0,-5.67016138969243,-5.52806856519882,-5.17565589518694
386,1,4,4,1,-5.67119923375959,-5.51817619199724,-5.06513862769898
387,1,4,4,2,-5.66745780012732,-5.50350454109623,-4.93817603217152
388,1,4,4,3,-5.66735483513278,-5.49247135883295,-4.80308890715494
389,1,4,4,4,-5.66677180402226,-5.48095811045369,-4.65566069291115
390,1,4,4,5,-5.66117247957443,-5.46442856873712,-4.49125604503404
391,1,4,5,0,-5.70954719438054,-5.55652415261819,-5.10348658831994
392,1,4,5,1,-5.66582886778937,-5.50187560875828,-4.93654709983357
393,1,4,5,2,-5.66211720058994,-5.48723372429011,-4.7978512726121
394,1,4,5,3,-5.6622445291409,-5.47643083557233,-4.65113341802979
395,1,4,5,4,-5.66041714749349,-5.46367323665618,-4.4905007129531
396,1,4,5,5,-5.6606215926191,-5.45294746451305,-4.31983946971407
397,1,5,0,0,-5.6606215926191,-5.45294746451305,-4.31983946971407
398,1,5,0,1,-5.63590023575003,-5.5156678457939,-5.32988930678829
399,1,5,0,2,-5.63234426121919,-5.50118165399432,-5.23782371327399
400,1,5,0,3,-5.6319489360237,-5.48985611153009,-5.13744344151821
401,1,5,0,4,-5.62633898688415,-5.4733159451218,-5.02027838082354
402,1,5,0,5,-5.62014824003542,-5.45619498100433,-4.89086647207962
403,1,5,1,0,-5.62762599785408,-5.50739360789794,-5.32161506889233
404,1,5,1,1,-5.68209981136656,-5.55093720414169,-5.28757926342136
405,1,5,1,2,-5.67692792302038,-5.53483509852677,-5.18242242851489
406,1,5,1,3,-5.67785267948923,-5.52482963772688,-5.07179207342863
407,1,5,1,4,-5.67303821883877,-5.50908495980768,-4.94375645088297
408,1,5,1,5,-5.66738849730178,-5.49250502100195,-4.80312256932394
409,1,5,2,0,-5.70564416248821,-5.57448155526334,-5.31112361454301
410,1,5,2,1,-5.67547077761829,-5.53337795312467,-5.18096528311279
411,1,5,2,2,-5.67127818194551,-5.51825514018316,-5.06521757588491
412,1,5,2,3,-5.67220295556543,-5.50824969653434,-4.94292118760963
413,1,5,2,4,-5.66917381073647,-5.49429033443664,-4.80490788275863
414,1,5,2,5,-5.66352410127514,-5.47771040770657,-4.65241299016403
415,1,5,3,0,-5.6559826885333,-5.51388986403969,-5.16147719402781
416,1,5,3,1,-5.66982105722093,-5.51679801545858,-5.06376045116032
417,1,5,3,2,-5.66562848307961,-5.50167522404852,-4.93634671512381
418,1,5,3,3,-5.66655323979294,-5.49166976349311,-4.8022873118151
419,1,5,3,4,-5.66352410334683,-5.47771040977826,-4.65241299223572
420,1,5,3,5,-5.65787438552347,-5.46113047468616,-4.48795795098308
421,1,5,4,0,-5.67290085058298,-5.51987780882063,-5.06684024452238
422,1,5,4,1,-5.66594742641694,-5.50199416738585,-4.93666565846114
423,1,5,4,2,-5.66224710406654,-5.48736362776671,-4.7979811760887
424,1,5,4,3,-5.66221825972516,-5.47640456615659,-4.65110714861405
425,1,5,4,4,-5.66052941895097,-5.46378550811366,-4.49061298441058
426,1,5,4,5,-5.65555364847229,-5.44787952036623,-4.31477152556726
427,1,5,5,0,-5.66658995768795,-5.50263669865685,-4.93730818973214
428,1,5,5,1,-5.66029770500999,-5.48541422871016,-4.79603177703215
429,1,5,5,2,-5.65659739772484,-5.47078370415627,-4.64548628661373
430,1,5,5,3,-5.65661946047644,-5.45987554963913,-4.48670302593605
431,1,5,5,4,-5.65488655136792,-5.44721242326187,-4.31410442846289
432,1,5,5,5,-5.65501125035928,-5.43640690498449,-4.13120172654975
433,2,0,0,0,-5.65501125035928,-5.43640690498449,-4.13120172654975
434,2,0,0,1,-5.65562342220976,-5.57911190132858,-5.59075855734489
435,2,0,0,2,-5.65562342220976,-5.57911190132858,-5.59075855734489
436,2,0,0,3,-5.6443668702158,-5.54599491479715,-5.48132339195493
437,2,0,0,4,-5.63874636972713,-5.52944419703974,-5.40986353593967
438,2,0,0,5,-5.63316343819958,-5.51293104824345,-5.32715250923783
439,2,0,1,0,-5.68100927921415,-5.60449775833297,-5.61614441434928
440,2,0,1,1,-5.712675420475,-5.62523368232508,-5.60427433646416
441,2,0,1,2,-5.70946007039568,-5.61108811497703,-5.54641659213481
442,2,0,1,3,-5.69927365501666,-5.58997148232927,-5.4703908212292
443,2,0,1,4,-5.69179452039994,-5.57156213044381,-5.38578359143819
444,2,0,1,5,-5.68779589468008,-5.5566332874552,-5.29327534673487
445,2,0,2,0,-5.68772105806958,-5.60027931991967,-5.57931997405874
446,2,0,2,1,-5.70702561943923,-5.60865366402057,-5.54398214117836
447,2,0,2,2,-5.7038103653447,-5.59450819265731,-5.47492753155724
448,2,0,2,3,-5.69415673449531,-5.57392434453918,-5.38814580553356
449,2,0,2,4,-5.69032534591118,-5.55916273868631,-5.29580479796598
450,2,0,2,5,-5.68435383471873,-5.54226101022512,-5.18984834021324
451,2,0,3,0,-5.67539905029185,-5.5770270948732,-5.51235557203099
452,2,0,3,1,-5.69248885866426,-5.58318668597686,-5.46360602487679
453,2,0,3,2,-5.68839683174575,-5.56816444178961,-5.382385902784
454,2,0,3,3,-5.6885070023767,-5.55734439515183,-5.29398645443149
455,2,0,3,4,-5.68467564055195,-5.54258281605834,-5.19017014604646
456,2,0,3,5,-5.67835240481729,-5.52532936305494,-5.07229179875668
457,2,0,4,0,-5.68547917576444,-5.57617700307704,-5.45659634197697
458,2,0,4,1,-5.68626286506202,-5.56603047510589,-5.38025193610028
459,2,0,4,2,-5.68247480007084,-5.55131219284596,-5.28795425212563
460,2,0,4,3,-5.68249871255934,-5.54040588806573,-5.18799321805385
461,2,0,4,4,-5.6818971891944,-5.52887414743205,-5.0758365831338
462,2,0,4,5,-5.67586020596243,-5.51190694693134,-4.94657843800663
463,2,0,5,0,-5.68620270048878,-5.56597031053265,-5.38019177152703
464,2,0,5,1,-5.68087394870602,-5.54971134148115,-5.28635340076082
465,2,0,5,2,-5.67712736169399,-5.53503453720038,-5.1826218671885
466,2,0,5,3,-5.6773242327419,-5.52430119097954,-5.07126362668129
467,2,0,5,4,-5.67509127089133,-5.51113801186024,-4.94580950293553
468,2,0,5,5,-5.67376464001788,-5.49888116371804,-4.80949871204004
469,2,1,0,0,-5.67376464001788,-5.49888116371804,-4.80949871204004
470,2,1,0,1,-5.65035957532484,-5.56291783717493,-5.541958491314
471,2,1,0,2,-5.64381524867638,-5.54544329325773,-5.48077177041551
472,2,1,0,3,-5.63858978185339,-5.529287609166,-5.40970694806593
473,2,1,0,4,-5.63348805456955,-5.51325566461341,-5.3274771256078
474,2,1,0,5,-5.62792490602822,-5.49676229880335,-5.23340435808302
475,2,1,1,0,-5.67395429022834,-5.58651255207843,-5.5655532062175
476,2,1,1,1,-5.70754300500612,-5.60917104958747,-5.54449952674525
477,2,1,1,2,-5.70425371353135,-5.59495154084396,-5.47537087974388
478,2,1,1,3,-5.69419752325674,-5.57396513330061,-5.38818659429499
479,2,1,1,4,-5.68664589032856,-5.55548328310369,-5.29212534238336
480,2,1,1,5,-5.68261182909147,-5.54051900459786,-5.18810633458598
481,2,1,2,0,-5.6844643203414,-5.58609236492274,-5.52142084208053
482,2,1,2,1,-5.70189317390425,-5.59259100121686,-5.47301034011679
483,2,1,2,2,-5.69860401120153,-5.57837162124539,-5.39259308223978
484,2,1,2,3,-5.68912257368727,-5.5579599664624,-5.29460202574207
485,2,1,2,4,-5.68508685500693,-5.54299403051332,-5.19058136050144
486,2,1,2,5,-5.67923280210207,-5.52620976033972,-5.07317219604147
487,2,1,3,0,-5.6706337144725,-5.56133154178511,-5.44175088068504
488,2,1,3,1,-5.68742018139158,-5.56718779143544,-5.38140925242983
489,2,1,3,2,-5.68331566453623,-5.55215305731135,-5.28879511659102
490,2,1,3,3,-5.68347287086663,-5.54138004637302,-5.18896737636114
491,2,1,3,4,-5.6794371582766,-5.52641411651425,-5.07337655221599
492,2,1,3,5,-5.67310842835981,-5.50915516932872,-4.94382666040401
493,2,1,4,0,-5.68506709763697,-5.56483470768084,-5.37905616867523
494,2,1,4,1,-5.68117188910282,-5.55000928187794,-5.28665134115761
495,2,1,4,2,-5.67742673976424,-5.53533391527063,-5.18292124525875
496,2,1,4,3,-5.67742720105528,-5.52440415929293,-5.07136659499468
497,2,1,4,4,-5.67669968415366,-5.51274642512257,-4.94741791619786
498,2,1,4,5,-5.67206749131347,-5.49718401501364,-4.80780156333563
499,2,1,5,0,-5.68399941614778,-5.55283680892291,-5.28947886820258
500,2,1,5,1,-5.67579394788299,-5.53370112338938,-5.1812884533775
501,2,1,5,2,-5.67208369215276,-5.51906065039041,-5.06602308609216
502,2,1,5,3,-5.67220330041611,-5.50825004138502,-4.94292153246031
503,2,1,5,4,-5.66988844014319,-5.49500496384336,-4.80562251216535
504,2,1,5,5,-5.66850955197813,-5.48269585840956,-4.65739844086702
505,2,2,0,0,-5.66850955197813,-5.48269585840956,-4.65739844086702
506,2,2,0,1,-5.66850955197813,-5.48269585840956,-4.65739844086702
507,2,2,0,2,-5.65886524954468,-5.54956307685729,-5.42998241575722
508,2,2,0,3,-5.64258916370117,-5.52235677374503,-5.33657823473942
509,2,2,0,4,-5.63031922807571,-5.49915662085084,-5.2357986801305
510,2,2,0,5,-5.63112534018504,-5.48903251569142,-5.13661984567954
511,2,2,1,0,-5.66786529174717,-5.56949333632852,-5.5048218134863
512,2,2,1,1,-5.72099262937674,-5.61169045668934,-5.49210979558927
513,2,2,1,2,-5.70207398463037,-5.58184159467423,-5.39606305566862
514,2,2,1,3,-5.69259574393603,-5.56143313671116,-5.29807519599083
515,2,2,1,4,-5.68465974684818,-5.54256692235457,-5.19015425234268
516,2,2,1,5,-5.68065566524373,-5.52763262348138,-5.07459505918313
517,2,2,2,0,-5.68798734618026,-5.57868517349286,-5.45910451239279
518,2,2,2,1,-5.70279044579853,-5.58255805584239,-5.39677951683678
519,2,2,2,2,-5.69642428417365,-5.56526167694878,-5.30190373622845
520,2,2,2,3,-5.68895342771974,-5.54686060322613,-5.19444793321425
521,2,2,2,4,-5.68342984391477,-5.53040680215242,-5.07736923785417
522,2,2,2,5,-5.6786943310399,-5.5147410720088,-4.94941256308409
523,2,2,3,0,-5.57154895352418,-5.45131656356804,-5.26553802456243
524,2,2,3,1,-5.70034795196322,-5.56918534473834,-5.30582740401801
525,2,2,3,2,-5.67947367012277,-5.53738084562916,-5.18496817561727
526,2,2,3,3,-5.6823402412843,-5.52931719952195,-5.07627963522369
527,2,2,3,4,-5.69554386902456,-5.53159060999347,-4.96626210106876
528,2,2,3,5,-5.67304461627818,-5.49816113997835,-4.80877868830034
529,2,2,4,0,-5.68149260257976,-5.55032999535489,-5.28697205463455
530,2,2,4,1,-5.68086131222551,-5.5387684877319,-5.18635581772002
531,2,2,4,2,-5.67601363474011,-5.52299059297776,-5.06995302867951
532,2,2,4,3,-5.67791128559717,-5.51395802656608,-4.94862951764137
533,2,2,4,4,-5.67475379791008,-5.49987032161025,-4.81048786993224
534,2,2,4,5,-5.6711614316185,-5.48534773804992,-4.66005032050738
535,2,2,5,0,-5.68455306946279,-5.54246024496918,-5.1900475749573
536,2,2,5,1,-5.67524297271062,-5.52221993094827,-5.06918236665001
537,2,2,5,2,-5.67051468794968,-5.50656142891859,-4.94123291999388
538,2,2,5,3,-5.670675990834,-5.49579251453417,-4.80641006285616
539,2,2,5,4,-5.66723770532511,-5.48142401175654,-4.656126594214
540,2,2,5,5,-5.6666289847731,-5.46988507393579,-4.49671255023271
541,2,3,0,0,-5.6666289847731,-5.46988507393579,-4.49671255023271
542,2,3,0,1,-5.64117841322955,-5.53187624054216,-5.41229557944208
543,2,3,0,2,-5.63544897098192,-5.51521658102579,-5.32943804202017
544,2,3,0,3,-5.67965002835556,-5.54848742113068,-5.28512948041035
545,2,3,0,4,-5.62098845945616,-5.47889563496255,-5.12648296495067
546,2,3,0,5,-5.6258640754759,-5.47284103371355,-5.01980346941529
547,2,3,1,0,-5.65976537757764,-5.55046320489024,-5.43088254379017
548,2,3,1,1,-5.69854943502977,-5.57831704507364,-5.39253850606802
549,2,3,1,2,-5.70219410861991,-5.57103150139504,-5.30767356067471
550,2,3,1,3,-5.69535705030249,-5.55326422580887,-5.20085155579699
551,2,3,1,4,-5.68931856684932,-5.53629552508696,-5.08325796078871
552,2,3,1,5,-5.68504514661546,-5.52109188758437,-4.95576337865966
553,2,3,2,0,-5.66272413953221,-5.54249174957607,-5.35671321057046
554,2,3,2,1,-5.70169954858648,-5.5705369413616,-5.30717900064127
555,2,3,2,2,-5.68869822232623,-5.54660539783262,-5.19419272782074
556,2,3,2,3,-5.69645259205379,-5.54342955029144,-5.09039198599318
557,2,3,2,4,-5.69645259205379,-5.54342955029144,-5.09039198599318
558,2,3,2,5,-5.70971656712581,-5.53483309082597,-4.84545063914797
559,2,3,3,0,-5.66627871704891,-5.53511610982404,-5.27175816910371
560,2,3,3,1,-5.6960121301608,-5.55391930566718,-5.2015066356553
561,2,3,3,2,-5.69242409175652,-5.53940104999417,-5.08636348569591
562,2,3,3,3,-5.69080287382251,-5.52684961479141,-4.9615211058667
563,2,3,3,4,-5.68588560416662,-5.51100212786679,-4.82161967618878
564,2,3,3,5,-5.67849140170996,-5.49267770814139,-4.66738029059885
565,2,3,4,0,-5.6846994477913,-5.54260662329769,-5.1901939532858
566,2,3,4,1,-5.67876711480818,-5.52574407304582,-5.07270650874757
567,2,3,4,2,-5.68432526028515,-5.52037200125406,-4.95504349232935
568,2,3,4,3,-5.68668010478676,-5.51179662848693,-4.82241417680892
569,2,3,4,4,-5.68293150895235,-5.49711781538377,-4.67182039784123
570,2,3,4,5,-5.67294493235556,-5.47620102151825,-4.50302849781517
571,2,3,5,0,-5.67245009017257,-5.51942704841022,-5.06638948411197
572,2,3,5,1,-5.68385861267081,-5.51990535363971,-4.954576844715
573,2,3,5,2,-5.67892907258956,-5.50404559628973,-4.81466314461172
574,2,3,5,3,-5.67979537012959,-5.49398167656102,-4.66868425901848
575,2,3,5,4,-5.67532555260572,-5.4785816417684,-4.50540911806533
576,2,3,5,5,-5.67532555260572,-5.4785816417684,-4.50540911806533
577,2,4,0,0,-5.67532555260572,-5.4785816417684,-4.50540911806533
578,2,4,0,1,-5.67532555260572,-5.4785816417684,-4.50540911806533
579,2,4,0,2,-5.67532555260572,-5.4785816417684,-4.50540911806533
580,2,4,0,3,-5.69804572985636,-5.55595290536274,-5.20354023535086
581,2,4,0,4,-5.63396909119144,-5.48094604942909,-5.02790848513083
582,2,4,0,5,-5.645221442926,-5.48126818389491,-4.9159396749702
583,2,4,1,0,-5.645221442926,-5.48126818389491,-4.9159396749702
584,2,4,1,1,-5.68493221413079,-5.55376960690592,-5.29041166618559
585,2,4,1,2,-5.72582045329718,-5.58372762880356,-5.23131495879168
586,2,4,1,3,-5.72341099602716,-5.5703879542648,-5.11735038996655
587,2,4,1,4,-5.71843450194206,-5.55448124291097,-4.98915273398626
588,2,4,1,5,-5.67110448434876,-5.49622100804893,-4.80683855637092
589,2,4,2,0,-5.6770309384529,-5.54586833122803,-5.2825103905077
590,2,4,2,1,-5.67928248805662,-5.537189663563,-5.18477699355112
591,2,4,2,2,-5.67914713764337,-5.52612409588101,-5.07308653158276
592,2,4,2,3,-5.72037746647641,-5.55642420744531,-4.9910956985206
593,2,4,2,4,-5.71508980142762,-5.54020632512779,-4.85082387344978
594,2,4,2,5,-5.68854604607671,-5.50273235250814,-4.6774349349656
595,2,4,3,0,-5.61005924699491,-5.4679664225013,-5.11555375248942
596,2,4,3,1,-5.67427047465637,-5.52124743289402,-5.06820986859576
597,2,4,3,2,-5.68738370744339,-5.5234304484123,-4.95810193948759
598,2,4,3,3,-5.68863219788939,-5.51374872158956,-4.82436626991155
599,2,4,3,4,-5.71002852954108,-5.52421483597251,-4.69891741842997
600,2,4,3,5,-5.68289632854329,-5.48615241770598,-4.5129798940029
601,2,4,4,0,-5.66762222901631,-5.51459918725396,-5.06156162295571
602,2,4,4,1,-5.67227006471185,-5.50831680568076,-4.94298829675605
603,2,4,4,2,-5.71120991245257,-5.53632643615274,-4.84694398447473
604,2,4,4,3,-5.6832535161968,-5.49743982262823,-4.67214240508569
605,2,4,4,4,-5.6850049283,-5.48826101746269,-4.51508849375961
606,2,4,4,5,-5.70173479866591,-5.49406067055986,-4.36095267576089
607,2,4,5,0,-5.69606860857189,-5.5321153495408,-4.96678684061609
608,2,4,5,1,-5.67963678403026,-5.50475330773042,-4.81537085605242
609,2,4,5,2,-5.70509394951423,-5.51928025594566,-4.69398283840312
610,2,4,5,3,-5.70337300563424,-5.50662909479693,-4.53345657109385
611,2,4,5,4,-5.69914383815647,-5.49146971005042,-4.35836171525144
612,2,4,5,5,-5.67239245786777,-5.45378811249298,-4.14858293405824
613,2,5,0,0,-5.67239245786777,-5.45378811249298,-4.14858293405824
614,2,5,0,1,-5.63430804585439,-5.50314543862952,-5.23978749790919
615,2,5,0,2,-5.63993205189554,-5.49783922740192,-5.14542655739004
616,2,5,0,3,-5.62305759735318,-5.47003455559083,-5.01699699129258
617,2,5,0,4,-5.61748827138479,-5.4535350123537,-4.88820650342899
618,2,5,0,5,-5.6108526807583,-5.43596920445847,-4.74658675278046
619,2,5,1,0,-5.60586631551327,-5.47470370828839,-5.21134576756806
620,2,5,1,1,-5.6957311777281,-5.55363835323449,-5.20122568322261
621,2,5,1,2,-5.72190062840566,-5.56887758664331,-5.11584002234506
622,2,5,1,3,-5.69511963884101,-5.53116637980991,-4.9658378708852
623,2,5,1,4,-5.71449794423017,-5.53961446793033,-4.85023201625233
624,2,5,1,5,-5.70985055231761,-5.52403685874904,-4.6987394412065
625,2,5,2,0,-5.65093509162196,-5.50884226712835,-5.15642959711647
626,2,5,2,1,-5.69008141707988,-5.53705837531753,-5.08402081101928
627,2,5,2,2,-5.67066851674195,-5.50671525771086,-4.94138674878615
628,2,5,2,3,-5.71465596851989,-5.53977249222006,-4.85039004054206
629,2,5,2,4,-5.68923475369463,-5.50342106012605,-4.67812364258351
630,2,5,2,5,-5.66203976364734,-5.46529585281003,-4.49212332910695
631,2,5,3,0,-5.65223281589258,-5.49920977413023,-5.04617220983197
632,2,5,3,1,-5.71427811706734,-5.55032485803625,-4.98499634911154
633,2,5,3,2,-5.68054690764105,-5.50566343134122,-4.81628097966321
634,2,5,3,3,-5.68382021347397,-5.4980065199054,-4.67270910236286
635,2,5,3,4,-5.68358502899297,-5.48684111815566,-4.51366859445258
636,2,5,3,5,-5.65639003644153,-5.44871590833548,-4.3156079135365
637,2,5,4,0,-5.67833785640578,-5.51438459737469,-4.94905608844998
638,2,5,4,1,-5.70879042260692,-5.53390694630709,-4.84452449462908
639,2,5,4,2,-5.70518194327189,-5.51936824970332,-4.69407083216078
640,2,5,4,3,-5.67850049029164,-5.48175657945433,-4.50858405575125
641,2,5,4,4,-5.66048944826049,-5.45281532015444,-4.31970732535546
642,2,5,4,5,-5.72481263216153,-5.50620828678674,-4.20100310835201
643,2,5,5,0,-5.73197698151248,-5.55709350521265,-4.86771105353464
644,2,5,5,1,-5.70323531634513,-5.51742162277656,-4.69212420523402
645,2,5,5,2,-5.69923325578057,-5.50248934494326,-4.52931682124018
646,2,5,5,3,-5.69800465775087,-5.49033052964482,-4.35722253484584
647,2,5,5,4,-5.67305708265613,-5.45445273728134,-4.1492475588466
648,2,5,5,5,-5.66740734479742,-5.43787278215389,-3.94830622120192
649,3,0,0,0,-5.66740734479742,-5.43787278215389,-3.94830622120192
650,3,0,0,1,-5.65070896231501,-5.56326722416509,-5.54230787830417
651,3,0,0,2,-5.64503247684365,-5.546660521425,-5.48198899858278
652,3,0,0,3,-5.63935565961844,-5.53005348693105,-5.41047282583098
653,3,0,0,4,-5.63373941899456,-5.51350702903843,-5.32772849003282
654,3,0,0,5,-5.62829203267761,-5.49712942545273,-5.2337714847324
655,3,0,1,0,-5.66664224602319,-5.57920050787328,-5.55824116201235
656,3,0,1,1,-5.69869193106685,-5.60031997564819,-5.53564845280598
657,3,0,1,2,-5.69407704414682,-5.58477487145942,-5.46519421035935
658,3,0,1,3,-5.69396681452602,-5.57373442456988,-5.38795588556427
659,3,0,1,4,-5.68622908880222,-5.55506648157735,-5.29170854085702
660,3,0,1,5,-5.68223691283109,-5.54014408833748,-5.1877314183256
661,3,0,2,0,-5.67382492937683,-5.57545297395818,-5.51078145111596
662,3,0,2,1,-5.69304209102019,-5.5837399183328,-5.46415925723273
663,3,0,2,2,-5.68891089493999,-5.56867850498385,-5.38289996597824
664,3,0,2,3,-5.68889193311746,-5.55772932589259,-5.29437138517226
665,3,0,2,4,-5.68479437701711,-5.54270155252349,-5.19028888251161
666,3,0,2,5,-5.67909060165003,-5.52606755988767,-5.07302999558942
667,3,0,3,0,-5.66955176464607,-5.56024959195868,-5.44066893085861
668,3,0,3,1,-5.68739238028619,-5.56715999033005,-5.38138145132444
669,3,0,3,2,-5.68326117971715,-5.55209857249228,-5.28874063177194
670,3,0,3,3,-5.68324221300229,-5.54114938850867,-5.18873671849679
671,3,0,3,4,-5.67914467453532,-5.52612163277296,-5.07308406847471
672,3,0,3,5,-5.67344087808391,-5.50948761905281,-4.9441591101281
673,3,0,4,0,-5.68017650497558,-5.55994411501944,-5.37416557601383
674,3,0,4,1,-5.68142463693839,-5.55026202971352,-5.28690408899319
675,3,0,4,2,-5.6775978555082,-5.53550503101459,-5.18309236100271
676,3,0,4,3,-5.67736900411175,-5.52434596234939,-5.07130839805114
677,3,0,4,4,-5.67671001929058,-5.51275676025949,-4.94742825133478
678,3,0,4,5,-5.67235243564156,-5.49746895934173,-4.80808650766372
679,3,0,5,0,-5.68020625765212,-5.54904365042725,-5.28568570970692
680,3,0,5,1,-5.67601370411591,-5.5339208796223,-5.18150820961042
681,3,0,5,2,-5.67221226190642,-5.51918922014407,-5.06615165584581
682,3,0,5,3,-5.67210741758206,-5.50815415855096,-4.94282564962625
683,3,0,5,4,-5.66971331759709,-5.49482984129726,-4.80544738961925
684,3,0,5,5,-5.66941898137765,-5.48360528780907,-4.65830787026653
685,3,1,0,0,-5.66941898137765,-5.48360528780907,-4.65830787026653
686,3,1,0,1,-5.66941898137765,-5.48360528780907,-4.65830787026653
687,3,1,0,2,-5.64497164592125,-5.53566947323385,-5.41608881213378
688,3,1,0,3,-5.63407844840177,-5.51384605844564,-5.32806751944002
689,3,1,0,4,-5.6273671422245,-5.49620453499962,-5.23284659427929
690,3,1,0,5,-5.62259652956508,-5.48050370507146,-5.12809103505958
691,3,1,1,0,-5.56183395772086,-5.46346200230221,-5.39879047945999
692,3,1,1,1,-5.69976991477998,-5.59046774209259,-5.47088708099251
693,3,1,1,2,-5.69509942506107,-5.57486703510494,-5.38908849609932
694,3,1,1,3,-5.69793610503698,-5.5667734978121,-5.30341555709177
695,3,1,1,4,-5.68057986978977,-5.53848704529616,-5.18607437528428
696,3,1,1,5,-5.67658720162823,-5.52356415986588,-5.07052659556763
697,3,1,2,0,-5.67931549053774,-5.57001331785034,-5.45043265675027
698,3,1,2,1,-5.69412017300888,-5.57388778305275,-5.38810924404713
699,3,1,2,2,-5.69008442464662,-5.55892181742175,-5.29556387670142
700,3,1,2,3,-5.69289340772965,-5.55080058323603,-5.19838791322415
701,3,1,2,4,-5.67914599402138,-5.52612295225902,-5.07308538796077
702,3,1,2,5,-5.67345347142942,-5.50950021239832,-4.94417170347361
703,3,1,3,0,-5.6639156487659,-5.54368325880977,-5.35790471980415
704,3,1,3,1,-5.68847045551413,-5.55730784828926,-5.29394990756893
705,3,1,3,2,-5.68443469970019,-5.54234187520658,-5.1899292051947
706,3,1,3,3,-5.67759471216838,-5.52457167040603,-5.07153410610778
707,3,1,3,4,-5.67349627437539,-5.5095430153443,-4.94421450641959
708,3,1,3,5,-5.66780376581969,-5.49292028951986,-4.80353783784185
709,3,1,4,0,-5.68538149272822,-5.55421888550335,-5.29086094478302
710,3,1,4,1,-5.68467813069047,-5.54258530619686,-5.19017263618498
711,3,1,4,2,-5.67970276747004,-5.52667972570768,-5.07364216140943
712,3,1,4,3,-5.67171941092329,-5.5077661518922,-4.94243764296749
713,3,1,4,4,-5.67106049374049,-5.49617701744066,-4.80679456576265
714,3,1,4,5,-5.66670313636918,-5.48088944280061,-4.65559202525807
715,3,1,5,0,-5.67456393909864,-5.53247111460503,-5.18005844459315
716,3,1,5,1,-5.67882249597405,-5.52579945421169,-5.07276188991344
717,3,1,5,2,-5.67396115159038,-5.51000789255929,-4.94467938363458
718,3,1,5,3,-5.67304218779185,-5.49815871149202,-4.80877625981401
719,3,1,5,4,-5.67112576888217,-5.4853120753136,-4.66001465777106
720,3,1,5,5,-5.66324772093964,-5.46650381010233,-4.49333128639925
721,3,2,0,0,-5.66324772093964,-5.46650381010233,-4.49333128639925
722,3,2,0,1,-5.68749356089105,-5.57819138820366,-5.45861072710359
723,3,2,0,2,-5.68060154692963,-5.56036915697349,-5.37459061796788
724,3,2,0,3,-5.63101292208671,-5.49985031486183,-5.2364923741415
725,3,2,0,4,-5.62241227421444,-5.48031944972083,-5.12790677970895
726,3,2,0,5,-5.61678368230865,-5.4637606405463,-5.01072307624805
727,3,2,1,0,-5.65674685883489,-5.54744468614749,-5.42786402504742
728,3,2,1,1,-5.72847873992534,-5.6082463499692,-5.42246781096359
729,3,2,1,2,-5.72317716673756,-5.59201455951269,-5.32865661879236
730,3,2,1,3,-5.72076014806688,-5.57866732357326,-5.22625465356138
731,3,2,1,4,-5.71213458877313,-5.55911154701078,-5.10607398271252
732,3,2,1,5,-5.70776611755635,-5.54381285852525,-4.97848434960054
733,3,2,2,0,-5.67835100613578,-5.55811861617965,-5.37234007717403
734,3,2,2,1,-5.72302018090959,-5.59185757368472,-5.32849963296438
735,3,2,2,2,-5.71953091642704,-5.57743809193343,-5.22502542192155
736,3,2,2,3,-5.71930253654953,-5.56627949478717,-5.11324193048892
737,3,2,2,4,-5.71370867262348,-5.54975541359238,-4.98442690466767
738,3,2,2,5,-5.7077862803708,-5.53290280407097,-4.84352035239296
739,3,2,3,0,-5.6949891634245,-5.56382655619963,-5.30046861547929
740,3,2,3,1,-5.71737041361365,-5.57527758912003,-5.22286491910815
741,3,2,3,2,-5.71388120736154,-5.56085816559919,-5.10782060130094
742,3,2,3,3,-5.71365278500224,-5.54969952597115,-4.98437101704644
743,3,2,3,4,-5.70805895298267,-5.53317547668283,-4.84379302500483
744,3,2,3,5,-5.70213655779369,-5.51632286422512,-4.69102544668258
745,3,2,4,0,-5.67391252512465,-5.53181970063104,-5.17940703061916
746,3,2,4,1,-5.70966052235167,-5.55663748058932,-5.10359991629106
747,3,2,4,2,-5.70615233018532,-5.54219907115423,-4.97687056222952
748,3,2,4,3,-5.70778881976178,-5.53290534346195,-4.84352289178394
749,3,2,4,4,-5.70447329944264,-5.51865960587407,-4.69336218833153
750,3,2,4,5,-5.70074248536091,-5.5039985745236,-4.53082605082052
751,3,2,5,0,-5.67342632264672,-5.52040328088437,-5.06736571658611
752,3,2,5,1,-5.70428799780622,-5.54033473877513,-4.97500622985042
753,3,2,5,2,-5.69920887323366,-5.52432539693383,-4.83494294525582
754,3,2,5,3,-5.69789716987799,-5.51208347630942,-4.68678605876688
755,3,2,5,4,-5.69494026983836,-5.49819635900105,-4.52502383529797
756,3,2,5,5,-5.69700301783131,-5.48932888972526,-4.35622089492628
757,3,3,0,0,-5.69700301783131,-5.48932888972526,-4.35622089492628
758,3,3,0,1,-5.68865757800797,-5.56842518805183,-5.38264664904622
759,3,3,0,2,-5.68239668949097,-5.5512340822661,-5.28787614154577
760,3,3,0,3,-5.63352039570196,-5.49142757120835,-5.13901490119647
761,3,3,0,4,-5.61970310352023,-5.46668006175788,-5.01364249745962
762,3,3,0,5,-5.61396802502721,-5.45001476599612,-4.88468625707141
763,3,3,1,0,-5.65581327925627,-5.53558088930014,-5.34980235029452
764,3,3,1,1,-5.72583741883848,-5.5946748116136,-5.33131687089327
765,3,3,1,2,-5.75678824018232,-5.61469541568871,-5.26228274567682
766,3,3,1,3,-5.68099656324148,-5.52797352147913,-5.07493595718087
767,3,3,1,4,-5.67288981142671,-5.50893655239562,-4.94360804347091
768,3,3,1,5,-5.6689892753277,-5.49410579902787,-4.80472334734986
769,3,3,2,0,-5.53250947036546,-5.40134686314059,-5.13798892242026
770,3,3,2,1,-5.75675354135071,-5.6146607168571,-5.26224804684522
771,3,3,2,2,-5.73673270312278,-5.58370966136043,-5.13067209706217
772,3,3,2,3,-5.67629772645136,-5.51234446742027,-4.94701595849556
773,3,3,2,4,-5.74448478877008,-5.56960131247025,-4.88021886079224
774,3,3,2,5,-5.66695382189868,-5.48114012833011,-4.65584271078757
775,3,3,3,0,-5.6736184916726,-5.53152566717899,-5.17911299716711
776,3,3,3,1,-5.71470489043737,-5.56168184867502,-5.10864428437677
777,3,3,3,2,-5.71470489043737,-5.56168184867502,-5.10864428437677
778,3,3,3,3,-5.71470489043737,-5.56168184867502,-5.10864428437677
779,3,3,3,4,-5.71470489043737,-5.56168184867502,-5.10864428437677
780,3,3,3,5,-5.66130406046086,-5.46456014962355,-4.49138762592047
781,3,3,4,0,-5.63301337809617,-5.47999033633381,-5.02695277203556
782,3,3,4,1,-5.6696540135122,-5.50570075448111,-4.9403722455564
783,3,3,4,2,-5.70361792530949,-5.52873444900966,-4.83935199733165
784,3,3,4,3,-5.70361792530949,-5.52873444900966,-4.83935199733165
785,3,3,4,4,-5.70361792530949,-5.52873444900966,-4.83935199733165
786,3,3,4,5,-5.65909619212313,-5.45142206401708,-4.3183140692181
787,3,3,5,0,-5.68340222058061,-5.51944896154952,-4.95412045262481
788,3,3,5,1,-5.68340222058061,-5.51944896154952,-4.95412045262481
789,3,3,5,2,-5.66093854827835,-5.47512485470978,-4.64982743716724
790,3,3,5,3,-5.65921130732848,-5.46246739649117,-4.48929487278809
791,3,3,5,4,-5.65605094188548,-5.44837681377943,-4.31526881898045
792,3,3,5,5,-5.65571942846862,-5.43711508309384,-4.1319099046591
793,3,4,0,0,-5.65571942846862,-5.43711508309384,-4.1319099046591
794,3,4,0,1,-5.67677823821853,-5.54561563099366,-5.28225769027333
795,3,4,0,2,-5.65724704232997,-5.51515421783636,-5.16274154782447
796,3,4,0,3,-5.65224736367844,-5.49922432191608,-5.04618675761783
797,3,4,0,4,-5.65947259652782,-5.49551933749673,-4.93019082857202
798,3,4,0,5,-5.64366965032884,-5.46878617402901,-4.779403722351
799,3,4,1,0,-5.65422871117119,-5.52306610394632,-5.25970816322599
800,3,4,1,1,-5.721184562719,-5.57909173822539,-5.22667906821351
801,3,4,1,2,-5.69585084931558,-5.54282780755323,-5.08979024325497
802,3,4,1,3,-5.71521055053012,-5.55125729149903,-4.98592878257432
803,3,4,1,4,-5.6946566436236,-5.51977316732377,-4.83039071564576
804,3,4,1,5,-5.6887033294504,-5.50288963588183,-4.67759221833929
805,3,4,2,0,-5.65193822980864,-5.50984540531502,-5.15743273530314
806,3,4,2,1,-5.71553490277655,-5.5625118610142,-5.10947429671594
807,3,4,2,2,-5.68297839663417,-5.51902513760308,-4.95369662867837
808,3,4,2,3,-5.71329346584051,-5.53840998954067,-4.84902753786267
809,3,4,2,4,-5.70870367019921,-5.52288997663064,-4.6975925590881
810,3,4,2,5,-5.70404501027838,-5.50730109944107,-4.53412857573799
811,3,4,3,0,-5.64657563730275,-5.4935525955404,-5.04051503124214
812,3,4,3,1,-5.7109007111353,-5.54694745210421,-4.9816189431795
813,3,4,3,2,-5.68899948450867,-5.51411600820884,-4.82473355653083
814,3,4,3,3,-5.70764375432072,-5.52183006075215,-4.69653264320961
815,3,4,3,4,-5.69086933288354,-5.49412542204623,-4.52095289834315
816,3,4,3,5,-5.69839531363689,-5.49072118553084,-4.35761319073187
817,3,4,4,0,-5.59633418125612,-5.43238092222502,-4.86705241330031
818,3,4,4,1,-5.70859927564437,-5.53371579934454,-4.84433334766653
819,3,4,4,2,-5.68455704717581,-5.49874335360724,-4.6734459360647
820,3,4,4,3,-5.68246427026428,-5.48572035942697,-4.51254783572389
821,3,4,4,4,-5.69272027633405,-5.485046148228,-4.35193815342902
822,3,4,4,5,-5.66474883366639,-5.4461444882916,-4.14093930985686
823,3,4,5,0,-5.6673562114788,-5.49247273517896,-4.80309028350096
824,3,4,5,1,-5.70253183323951,-5.51671813967094,-4.6914207221284
825,3,4,5,2,-5.66403669827829,-5.46729278744098,-4.4941202637379
826,3,4,5,3,-5.69692969990985,-5.4892555718038,-4.35614757700482
827,3,4,5,4,-5.65929979864406,-5.44069545326927,-4.13549027483453
828,3,4,5,5,-5.66205856444103,-5.4325240017975,-3.94295744084553
829,3,5,0,0,-5.66205856444103,-5.4325240017975,-3.94295744084553
830,3,5,0,1,-5.66748260809453,-5.52538978360091,-5.17297711358903
831,3,5,0,2,-5.65348114420736,-5.50045810244501,-5.04742053814675
832,3,5,0,3,-5.65348114420736,-5.50045810244501,-5.04742053814675
833,3,5,0,4,-5.63894480023804,-5.46406132393821,-4.7746788722602
834,3,5,0,5,-5.66455218477065,-5.47873849120208,-4.65344107365954
835,3,5,1,0,-5.61456444521887,-5.47247162072526,-5.12005895071338
836,3,5,1,1,-5.71732131051313,-5.56429826875078,-5.11126070445253
837,3,5,1,2,-5.6949907185641,-5.53103745953301,-4.9657089506083
838,3,5,1,3,-5.74077679138182,-5.56589331508199,-4.87651086340398
839,3,5,1,4,-5.72985537652385,-5.54404168295528,-4.71874426541274
840,3,5,1,5,-5.73594067129183,-5.53919676045452,-4.56602423675144
841,3,5,2,0,-5.66730945453184,-5.51428641276949,-5.06124884847124
842,3,5,2,1,-5.71167153044186,-5.54771827141077,-4.98238976248606
843,3,5,2,2,-5.70688451716454,-5.53200104086471,-4.8426185891867
844,3,5,2,3,-5.70617592990762,-5.52036223633905,-4.69506481879651
845,3,5,2,4,-5.7298607372404,-5.53311682640309,-4.55994430270001
846,3,5,2,5,-5.69933335670029,-5.49165922859424,-4.35855123379526
847,3,5,3,0,-5.6429184031007,-5.47896514406961,-4.9136366351449
848,3,5,3,1,-5.70602199820978,-5.53113852190995,-4.84175607023194
849,3,5,3,2,-5.66583110628303,-5.48001741271446,-4.65471999517192
850,3,5,3,3,-5.68330525568215,-5.48656134484484,-4.51338882114176
851,3,5,3,4,-5.69618456127396,-5.48851043316791,-4.35540243836893
852,3,5,3,5,-5.67221252617642,-5.45360818080163,-4.1484030023669
853,3,5,4,0,-5.5364512202179,-5.36156774391807,-4.67218529224006
854,3,5,4,1,-5.70337613481173,-5.51756244124316,-4.69226502370062
855,3,5,4,2,-5.69884749734567,-5.50210358650836,-4.52893106280528
856,3,5,4,3,-5.69884749734567,-5.50210358650836,-4.52893106280528
857,3,5,4,4,-5.67901703508789,-5.4604126897131,-4.15520751127837
858,3,5,4,5,-5.69804528601547,-5.46851072337194,-3.97894416241997
859,3,5,5,0,-5.69804528601547,-5.46851072337194,-3.97894416241997
860,3,5,5,1,-5.69772169697136,-5.50097778613405,-4.52780526243097
861,3,5,5,2,-5.69328400537323,-5.48560987726718,-4.3525018824682
862,3,5,5,3,-5.68681562762148,-5.46821128224669,-4.16300610381196
863,3,5,5,4,-5.72453464263324,-5.49500007998971,-4.00543351903773
864,3,5,5,5,-5.68984885377765,-5.44938407386538,-3.76308829039736
865,4,0,0,0,-5.68984885377765,-5.44938407386538,-3.76308829039736
866,4,0,0,1,-5.64466308573208,-5.54629113031342,-5.48161960747121
867,4,0,0,2,-5.6389073889583,-5.5296052162709,-5.41002455517083
868,4,0,0,3,-5.63326472213733,-5.5130323321812,-5.32725379317558
869,4,0,0,4,-5.62756194190925,-5.49639933468438,-5.23304139396404
870,4,0,0,5,-5.62204792243608,-5.47995509794247,-5.12754242793059
871,4,0,1,0,-5.66203520543964,-5.56366325002099,-5.49899172717877
872,4,0,1,1,-5.68902160049695,-5.57971942780956,-5.46013876670949
873,4,0,1,2,-5.68463779041336,-5.56440540045723,-5.37862686145162
874,4,0,1,3,-5.68529864582909,-5.55413603860421,-5.29077809788388
875,4,0,1,4,-5.68012783740357,-5.53803501290996,-5.18562234289807
876,4,0,1,5,-5.67596047775909,-5.52293743599674,-5.06989987169848
877,4,0,2,0,-5.67004203265859,-5.56073985997119,-5.44115919887112
878,4,0,2,1,-5.68337191355304,-5.56313952359691,-5.3773609845913
879,4,0,2,2,-5.68288878831223,-5.55172618108736,-5.28836824036703
880,4,0,2,3,-5.68062615058402,-5.5385333260904,-5.18612065607852
881,4,0,2,4,-5.67871682815122,-5.52569378638887,-5.07265622209061
882,4,0,2,5,-5.67296713476382,-5.50901387573273,-4.94368536680802
883,4,0,3,0,-5.66568244642354,-5.54545005646741,-5.35967151746179
884,4,0,3,1,-5.67795959794415,-5.54679699071927,-5.28343904999894
885,4,0,3,2,-5.6772390813377,-5.53514625684409,-5.18273358683221
886,4,0,3,3,-5.67497640562389,-5.52195336386154,-5.06891579956329
887,4,0,3,4,-5.67306712221423,-5.50911386318313,-4.94378535425842
888,4,0,3,5,-5.66731741774315,-5.49243394144332,-4.80305148976531
889,4,0,4,0,-5.67405196046656,-5.54288935324169,-5.27953141252136
890,4,0,4,1,-5.67511047070003,-5.53301764620641,-5.18060497619453
891,4,0,4,2,-5.67128311888601,-5.51826007712366,-5.0652225128254
892,4,0,4,3,-5.67112792254983,-5.50717466351873,-4.94184615459402
893,4,0,4,4,-5.6704748179891,-5.49559134168927,-4.80620889001127
894,4,0,4,5,-5.66471342267584,-5.47889972910726,-4.65360231156472
895,4,0,5,0,-5.67407407335712,-5.53198124886351,-5.17956857885163
896,4,0,5,1,-5.66963778677017,-5.51661474500782,-5.06357718070956
897,4,0,5,2,-5.66583332807181,-5.50188006904072,-4.93655156011601
898,4,0,5,3,-5.66576594243355,-5.49088246613372,-4.80150001445571
899,4,0,5,4,-5.66352144880064,-5.47770775523207,-4.65241033768953
900,4,0,5,5,-5.66307200835228,-5.46632809751497,-4.49315557381189
901,4,1,0,0,-5.66307200835228,-5.46632809751497,-4.49315557381189
902,4,1,0,1,-5.64806352543718,-5.53876135274979,-5.41918069164972
903,4,1,0,2,-5.6330533251506,-5.51282093519446,-5.32704239618885
904,4,1,0,3,-5.63943733337317,-5.5082747261483,-5.24491678542797
905,4,1,0,4,-5.63341946752113,-5.49132664302752,-5.13891397301564
906,4,1,0,5,-5.62822038836772,-5.47519734660537,-5.02215978230711
907,4,1,1,0,-5.67048609001203,-5.56118391732464,-5.44160325622457
908,4,1,1,1,-5.68450641148438,-5.56427402152824,-5.37849548252263
909,4,1,1,2,-5.68012681775917,-5.5489642105343,-5.28560626981397
910,4,1,1,3,-5.68040034430478,-5.53830751981117,-5.18589484979929
911,4,1,1,4,-5.67520812965913,-5.52218508789678,-5.06914752359853
912,4,1,1,5,-5.67108371429631,-5.50713045526522,-4.94180194634051
913,4,1,2,0,-5.68037881357812,-5.56014642362199,-5.37436788461638
914,4,1,2,1,-5.6788567226532,-5.54769411542833,-5.284336174708
915,4,1,2,2,-5.67810163686224,-5.53600881236863,-5.18359614235674
916,4,1,2,3,-5.68693998420529,-5.53391694244294,-5.08087937814468
917,4,1,2,4,-5.6737471782686,-5.50979391923751,-4.9444654103128
918,4,1,2,5,-5.66718373215758,-5.49230025585774,-4.80291780417974
919,4,1,3,0,-5.67106571178573,-5.53990310456086,-5.27654516384053
920,4,1,3,1,-5.67362996729262,-5.53153714279901,-5.17912447278713
921,4,1,3,2,-5.67245193442878,-5.51942889266643,-5.06639132836818
922,4,1,3,3,-5.67006403727407,-5.50611077824297,-4.94078226931827
923,4,1,3,4,-5.66809745942398,-5.49321398312414,-4.80383153144614
924,4,1,3,5,-5.67230279306129,-5.48648909949272,-4.66119168195018
925,4,1,4,0,-5.68046325284874,-5.53837042835513,-5.18595775834325
926,4,1,4,1,-5.67082829139419,-5.51780524963184,-5.06476768533358
927,4,1,4,2,-5.667006946106,-5.5030536870749,-4.93772517815019
928,4,1,4,3,-5.66649658081249,-5.49161310451266,-4.80223065283465
929,4,1,4,4,-5.66561679543055,-5.47980310186198,-4.65450568431944
930,4,1,4,5,-5.67012160376821,-5.4733776929309,-4.50020516922782
931,4,1,5,0,-5.6684000341011,-5.51537699233875,-5.0623394280405
932,4,1,5,1,-5.66532279268467,-5.50136953365358,-4.93604102472887
933,4,1,5,2,-5.66152647666518,-5.48664300036535,-4.79726054868734
934,4,1,5,3,-5.66111983781757,-5.47530614424899,-4.65000872670645
935,4,1,5,4,-5.65877894845398,-5.46203503761667,-4.48886251391359
936,4,1,5,5,-5.65766264880072,-5.44998852069467,-4.3168805258957
937,4,2,0,0,-5.65766264880072,-5.44998852069467,-4.3168805258957
938,4,2,0,1,-5.65766264880072,-5.44998852069467,-4.3168805258957
939,4,2,0,2,-5.67707723130331,-5.54591462407844,-5.2825566833581
940,4,2,0,3,-5.66675960762984,-5.52466678313623,-5.17225411312435
941,4,2,0,4,-5.66241228941708,-5.50938924765472,-5.05635168335647
942,4,2,0,5,-5.65696622182228,-5.49301296279119,-4.92768445386648
943,4,2,1,0,-5.69806718535368,-5.57783479539755,-5.39205625639193
944,4,2,1,1,-5.71758720648577,-5.58642459926089,-5.32306665854056
945,4,2,1,2,-5.74394592369447,-5.60185309920086,-5.24944042918898
946,4,2,1,3,-5.72487426966355,-5.5718512279012,-5.11881366360294
947,4,2,1,4,-5.70508941318284,-5.54113615415175,-4.97580764522704
948,4,2,1,5,-5.71473372939858,-5.53985025309875,-4.85046780142074
949,4,2,2,0,-5.53697042226165,-5.40580781503678,-5.14244987431645
950,4,2,2,1,-5.71289197715808,-5.57079915266447,-5.21838648265259
951,4,2,2,2,-5.73351761656315,-5.5804945748008,-5.12745701050254
952,4,2,2,3,-5.74169703665347,-5.57774377762238,-5.01241526869767
953,4,2,2,4,-5.70461291373087,-5.52972943743104,-4.84034698575303
954,4,2,2,5,-5.67433194922586,-5.48851825565729,-4.66322083811475
955,4,2,3,0,-5.65837709531811,-5.51628427082449,-5.16387160081261
956,4,2,3,1,-5.70846244097888,-5.55543939921653,-5.10240183491828
957,4,2,3,2,-5.70543717550408,-5.54148391647298,-4.97615540754827
958,4,2,3,3,-5.70222826953554,-5.52734479323571,-4.83796234155771
959,4,2,3,4,-5.69948737639841,-5.51367368282984,-4.6883762652873
960,4,2,3,5,-5.69189353925342,-5.49514962841611,-4.52197710471303
961,4,2,4,0,-5.6802459571887,-5.52722291542634,-5.07418535112809
962,4,2,4,1,-5.71085661612606,-5.54690335709497,-4.98157484817026
963,4,2,4,2,-5.71085661612606,-5.54690335709497,-4.98157484817026
964,4,2,4,3,-5.69891084680356,-5.51309715323499,-4.68779973569245
965,4,2,4,4,-5.69711574958491,-5.50037183874759,-4.52719931504452
966,4,2,4,5,-5.68920552917817,-5.48153140107212,-4.34842340627314
967,4,2,5,0,-5.69221989599842,-5.52826663696732,-4.96293812804262
968,4,2,5,1,-5.70591972731216,-5.53103625101232,-4.84165379933432
969,4,2,5,2,-5.68987434214948,-5.50406064858091,-4.67876323103837
970,4,2,5,3,-5.72278320729187,-5.52603929645456,-4.55286677275148
971,4,2,5,4,-5.72278320729187,-5.52603929645456,-4.55286677275148
972,4,2,5,5,-5.68264566543177,-5.46404132005698,-4.15883614162224
973,4,3,0,0,-5.68264566543177,-5.46404132005698,-4.15883614162224
974,4,3,0,1,-5.64711981261451,-5.51595720538963,-5.2525992646693
975,4,3,0,2,-5.66662144281616,-5.52452861832255,-5.17211594831067
976,4,3,0,3,-5.66002089817621,-5.50699785641386,-5.05396029211561
977,4,3,0,4,-5.65619242464561,-5.49223916561452,-4.92691065668981
978,4,3,0,5,-5.61525161774404,-5.44036814144421,-4.7509856897662
979,4,3,1,0,-5.61525161774404,-5.44036814144421,-4.7509856897662
980,4,3,1,1,-5.73323352705941,-5.59114070256579,-5.23872803255391
981,4,3,1,2,-5.73323352705941,-5.59114070256579,-5.23872803255391
982,4,3,1,3,-5.69824662669432,-5.53429336766323,-4.96896485873852
983,4,3,1,4,-5.71666147012077,-5.54177799382094,-4.85239554214293
984,4,3,1,5,-5.71664813035975,-5.53083443679118,-4.70553701924864
985,4,3,2,0,-5.69683525299446,-5.55474242850085,-5.20232975848897
986,4,3,2,1,-5.69428773038682,-5.54126468862447,-5.08822712432622
987,4,3,2,2,-5.70134370888113,-5.53739044985004,-4.97206194092533
988,4,3,2,3,-5.69515122670143,-5.52026775040159,-4.83088529872359
989,4,3,2,4,-5.68865861469202,-5.50284492112345,-4.67754750358091
990,4,3,2,5,-5.68652215937031,-5.489778248533,-4.51660572482992
991,4,3,3,0,-5.65253483705,-5.49951179528765,-5.04647423098939
992,4,3,3,1,-5.6866297216248,-5.52267646259371,-4.957347953669
993,4,3,3,2,-5.72414530152257,-5.54926182522274,-4.85987937354473
994,4,3,3,3,-5.6814366730464,-5.49562297947783,-4.67032556193529
995,4,3,3,4,-5.68283291896537,-5.48608900812806,-4.51291648442498
996,4,3,3,5,-5.67218937181228,-5.46451524370623,-4.33140724890725
997,4,3,4,0,-5.64527663507561,-5.48132337604452,-4.91599486711981
998,4,3,4,1,-5.67947747724456,-5.50459400094473,-4.81521154926672
999,4,3,4,2,-5.67947747724456,-5.50459400094473,-4.81521154926672
1000,4,3,4,3,-5.67797042177038,-5.48122651093306,-4.50805398722999
1001,4,3,4,4,-5.68824169961055,-5.4805675715045,-4.34745957670553
1002,4,3,4,5,-5.67194669462679,-5.453342349252,-4.14813717081726
1003,4,3,5,0,-5.66839766853649,-5.49351419223666,-4.80413174055865
1004,4,3,5,1,-5.71170844141482,-5.52589474784625,-4.70059733030371
1005,4,3,5,2,-5.71170844141482,-5.52589474784625,-4.70059733030371
1006,4,3,5,3,-5.67277780048457,-5.46510367237852,-4.33199567757954
1007,4,3,5,4,-5.67425507620528,-5.4556507308305,-4.15044555239576
1008,4,3,5,5,-5.67212122630315,-5.44258666365962,-3.95302010270764
1009,4,4,0,0,-5.67212122630315,-5.44258666365962,-3.95302010270764
1010,4,4,0,1,-5.67795276804605,-5.53585994355244,-5.18344727354056
1011,4,4,0,2,-5.6588310015637,-5.50580795980135,-5.0527703955031
1012,4,4,0,3,-5.64137887229401,-5.47742561326292,-4.91209710433821
1013,4,4,0,4,-5.64137887229401,-5.47742561326292,-4.91209710433821
1014,4,4,0,5,-5.6622240147278,-5.47641032115922,-4.65111290361668
1015,4,4,1,0,-5.70593968601412,-5.56384686152051,-5.21143419150862
1016,4,4,1,1,-5.73269777579958,-5.57967473403723,-5.12663716973898
1017,4,4,1,2,-5.72933699975686,-5.56538374072576,-5.00005523180106
1018,4,4,1,3,-5.72797422260264,-5.55309074630281,-4.8637082946248
1019,4,4,1,4,-5.71857735687335,-5.53276366330478,-4.70746624576224
1020,4,4,1,5,-5.71860537862749,-5.52186146779018,-4.5486889440871
1021,4,4,2,0,-5.71860537862749,-5.52186146779018,-4.5486889440871
1022,4,4,2,1,-5.72792016116771,-5.56396690213661,-4.9986383932119
1023,4,4,2,2,-5.67852860125848,-5.50364512495865,-4.81426267328064
1024,4,4,2,3,-5.72701445086673,-5.54120075729816,-4.71590333975562
1025,4,4,2,4,-5.72701445086673,-5.54120075729816,-4.71590333975562
1026,4,4,2,5,-5.71729397275803,-5.50961984465198,-4.376511849853
1027,4,4,3,0,-5.67004408017343,-5.50609082114234,-4.94076231221763
1028,4,4,3,1,-5.72290569781652,-5.54802222151669,-4.85863976983868
1029,4,4,3,2,-5.7214777063804,-5.53566401281183,-4.71036659526929
1030,4,4,3,3,-5.7214777063804,-5.53566401281183,-4.71036659526929
1031,4,4,3,4,-5.7214777063804,-5.53566401281183,-4.71036659526929
1032,4,4,3,5,-5.70976265003503,-5.49115830466024,-4.1859531262255
1033,4,4,4,0,-5.68298561371492,-5.50810213741509,-4.81871968573708
1034,4,4,4,1,-5.72004890700606,-5.53423521343749,-4.70893779589495
1035,4,4,4,2,-5.71366518342165,-5.51692127258434,-4.54374874888126
1036,4,4,4,3,-5.67552296296478,-5.46784883485873,-4.33474084005976
1037,4,4,4,4,-5.71502882872063,-5.49642448334584,-4.19121930491111
1038,4,4,4,5,-5.70988756778096,-5.48035300513743,-3.99078644418546
1039,4,4,5,0,-5.67650535589906,-5.49069166233049,-4.66539424478795
1040,4,4,5,1,-5.67650535589906,-5.49069166233049,-4.66539424478795
1041,4,4,5,2,-5.71161084627235,-5.5039367181663,-4.37082872336732
1042,4,4,5,3,-5.67114889184191,-5.45254454646712,-4.14733936803239
1043,4,4,5,4,-5.70416776052849,-5.47463319788496,-3.98506663693298
1044,4,4,5,5,-5.6703992633418,-5.42993448342953,-3.74363869996152
1045,4,5,0,0,-5.6703992633418,-5.42993448342953,-3.74363869996152
1046,4,5,0,1,-5.68779799682358,-5.53477495506123,-5.08173739076298
1047,4,5,0,2,-5.67905715134092,-5.51510389230982,-4.94977538338511
1048,4,5,0,3,-5.65577832785478,-5.48089485155495,-4.79151239987695
1049,4,5,0,4,-5.65577832785478,-5.48089485155495,-4.79151239987695
1050,4,5,0,5,-5.62580192281912,-5.42905801198181,-4.45588548827873
1051,4,5,1,0,-5.47088002335436,-5.31785698159201,-4.86481941729375
1052,4,5,1,1,-5.72900681195006,-5.56505355291896,-4.99972504399426
1053,4,5,1,2,-5.71231012613723,-5.5374266498374,-4.84804419815939
1054,4,5,1,3,-5.72037357405001,-5.53455988048143,-4.70926246293889
1055,4,5,1,4,-5.71899919276458,-5.52225528192727,-4.54908275822419
1056,4,5,1,5,-5.71193824081093,-5.50426411270488,-4.3711561179059
1057,4,5,2,0,-5.67754982131239,-5.5135965622813,-4.94826805335659
1058,4,5,2,1,-5.72054189235772,-5.54565841605788,-4.85627596437988
1059,4,5,2,2,-5.71313329351669,-5.52731959994812,-4.70202218240558
1060,4,5,2,3,-5.68546769048761,-5.4887237796503,-4.51555125594722
1061,4,5,2,4,-5.71276021948334,-5.50508609137729,-4.37197809657832
1062,4,5,2,5,-5.70549705972389,-5.4868927143491,-4.18168753591437
1063,4,5,3,0,-5.62848019816771,-5.45359672186787,-4.76421427018987
1064,4,5,3,1,-5.70988463829045,-5.52407094472188,-4.69877352717934
1065,4,5,3,2,-5.71045666435422,-5.51371275351691,-4.54054022981383
1066,4,5,3,3,-5.71053210928123,-5.50285798117518,-4.3697499863762
1067,4,5,3,4,-5.68826098333557,-5.46965663796078,-4.16445145952604
1068,4,5,3,5,-5.704982148761,-5.47544758611747,-3.98588102516549
1069,4,5,4,0,-5.62054386774899,-5.43473017418042,-4.60943275663788
1070,4,5,4,1,-5.66540872965379,-5.46866481881648,-4.4954922951134
1071,4,5,4,2,-5.70356872725902,-5.49589459915297,-4.36278660435399
1072,4,5,4,3,-5.71284915050191,-5.49424480512712,-4.18903962669239
1073,4,5,4,4,-5.70458514674715,-5.47505058410363,-3.98548402315165
1074,4,5,4,5,-5.70682139242005,-5.46635661250779,-3.78006082903977
1075,4,5,5,0,-5.70682139242005,-5.46635661250779,-3.78006082903977
1076,4,5,5,1,-5.66320579660886,-5.45553166850281,-4.32242367370384
1077,4,5,5,2,-5.69408697643598,-5.47548263106119,-4.17027745262646
1078,4,5,5,3,-5.70422173434791,-5.47468717170438,-3.9851206107524
1079,4,5,5,4,-5.68919161321901,-5.44872683330674,-3.76243104983873
1080,4,5,5,5,-5.69974042826261,-5.44834543108161,-3.55284777289538
1081,5,0,0,0,-5.69974042826261,-5.44834543108161,-3.55284777289538
1082,5,0,0,1,-5.63844915517588,-5.52914698248849,-5.40956632138842
1083,5,0,0,2,-5.63286938288504,-5.5126369929289,-5.32685845392329
1084,5,0,0,3,-5.62712927124451,-5.49596666401964,-5.23260872329931
1085,5,0,0,4,-5.62156031098314,-5.47946748648952,-5.12705481647764
1086,5,0,0,5,-5.61591226306466,-5.46288922130231,-5.00985165700405
1087,5,0,1,0,-5.6569287048557,-5.54762653216831,-5.42804587106823
1088,5,0,1,1,-5.68524211713855,-5.56500972718242,-5.3792311881768
1089,5,0,1,2,-5.68091363123875,-5.54975102401387,-5.28639308329354
1090,5,0,1,3,-5.68157913471989,-5.53948631022628,-5.1870736402144
1091,5,0,1,4,-5.67629812839559,-5.52327508663324,-5.07023752233499
1092,5,0,1,5,-5.6706484075286,-5.50669514849751,-4.9413666395728
1093,5,0,2,0,-5.66357365020624,-5.5433412602501,-5.35756272124449
1094,5,0,2,1,-5.67959237673767,-5.54842976951279,-5.28507182879246
1095,5,0,2,2,-5.67526390882413,-5.53317108433052,-5.18075841431864
1096,5,0,2,3,-5.67592939784403,-5.52290635608167,-5.06986879178342
1097,5,0,2,4,-5.67230122112635,-5.50834796209526,-4.94301945317055
1098,5,0,2,5,-5.66786742500509,-5.49298394870526,-4.80360149702725
1099,5,0,3,0,-5.65878055151874,-5.52761794429387,-5.26426000357353
1100,5,0,3,1,-5.67394270029316,-5.53184987579955,-5.17943720578767
1101,5,0,3,2,-5.66961419065025,-5.51659114888789,-5.06355358458964
1102,5,0,3,3,-5.67027967757528,-5.50632641854419,-4.94099790961948
1103,5,0,3,4,-5.66665150302561,-5.49176802672578,-4.80238557504777
1104,5,0,3,5,-5.66221770740471,-5.47640401383614,-4.6511065962936
1105,5,0,4,0,-5.66694232687039,-5.52484950237677,-5.17243683236489
1106,5,0,4,1,-5.67031762353292,-5.51729458177057,-5.06425701747231
1107,5,0,4,2,-5.66645601342207,-5.50250275439098,-4.93717424546627
1108,5,0,4,3,-5.66635792578555,-5.49147444948572,-4.80209199780771
1109,5,0,4,4,-5.6634194917548,-5.47760579818623,-4.65230838064369
1110,5,0,4,5,-5.66098638783737,-5.46424247700006,-4.49106995329698
1111,5,0,5,0,-5.667997735861,-5.51497469409865,-5.06193712980039
1112,5,0,5,1,-5.66466773756936,-5.50071447853827,-4.93538596961356
1113,5,0,5,2,-5.66080629277004,-5.4859228164702,-4.7965403647922
1114,5,0,5,3,-5.66071828991166,-5.47490459634309,-4.64960717880055
1115,5,0,5,4,-5.65798402278137,-5.46124011194406,-4.48806758824098
1116,5,0,5,5,-5.6572614077084,-5.44958727960235,-4.31647928480337
1117,5,1,0,0,-5.6572614077084,-5.44958727960235,-4.31647928480337
1118,5,1,0,1,-5.63551219484957,-5.51527980489344,-5.32950126588782
1119,5,1,0,2,-5.63344221545014,-5.50227960822527,-5.23892166750494
1120,5,1,0,3,-5.62772914269883,-5.48563631820522,-5.13322364819334
1121,5,1,0,4,-5.62216650674818,-5.46914346498583,-5.01610590068757
1122,5,1,0,5,-5.61651678503707,-5.45256352600598,-4.88723501708127
1123,5,1,1,0,-5.66232743926673,-5.5420950493106,-5.35631651030498
1124,5,1,1,1,-5.68490961438236,-5.55374700715748,-5.29038906643715
1125,5,1,1,2,-5.68044235449294,-5.53834952999933,-5.18593685998745
1126,5,1,1,3,-5.68089060805885,-5.5278675662965,-5.07483000199824
1127,5,1,1,4,-5.67581080196843,-5.51185754293734,-4.94652903401263
1128,5,1,1,5,-5.67016108551701,-5.49527760921717,-4.80589515753917
1129,5,1,2,0,-5.67162511909649,-5.54046251187161,-5.27710457115128
1130,5,1,2,1,-5.67925988174611,-5.5371670572525,-5.18475438724061
1131,5,1,2,2,-5.67479261144319,-5.52176956968084,-5.06873200538259
1132,5,1,2,3,-5.67524088622383,-5.51128762719274,-4.94595911826803
1133,5,1,2,4,-5.66877992555144,-5.49389644925161,-4.8045139975736
1134,5,1,2,5,-5.66769878528669,-5.48188509171812,-4.65658767417558
1135,5,1,3,0,-5.66769878528669,-5.48188509171812,-4.65658767417558
1136,5,1,3,1,-5.67361015033736,-5.52058710857501,-5.06754954427675
1137,5,1,3,2,-5.66914288048845,-5.50518962145735,-4.93986111253265
1138,5,1,3,3,-5.66959117180572,-5.49470769550589,-4.80532524382788
1139,5,1,3,4,-5.66645296866174,-5.48063927509317,-4.65534185755063
1140,5,1,3,5,-5.66204906940846,-5.46530515857115,-4.49213263486807
1141,5,1,4,0,-5.66990530744011,-5.51688226567776,-5.06384470137951
1142,5,1,4,1,-5.67315042555296,-5.50919716652187,-4.94386865759716
1143,5,1,4,2,-5.66792300538813,-5.4930395290883,-4.80365707741029
1144,5,1,4,3,-5.66685814021955,-5.48104444665098,-4.65574702910844
1145,5,1,4,4,-5.66492367886263,-5.46817976802532,-4.49500724432224
1146,5,1,4,5,-5.66476838527304,-5.45709425716699,-4.32398626236801
1147,5,1,5,0,-5.67447257246842,-5.51051931343732,-4.94519080451261
1148,5,1,5,1,-5.66750072797847,-5.49261725167864,-4.80323480000063
1149,5,1,5,2,-5.66236953881335,-5.47655584524478,-4.65125842770224
1150,5,1,5,3,-5.66120841748636,-5.46446450664905,-4.49129198294597
1151,5,1,5,4,-5.65928338458324,-5.45160925647719,-4.31850126167821
1152,5,1,5,5,-5.66308757433429,-5.4444832289595,-4.13927805052476
1153,5,2,0,0,-5.66308757433429,-5.4444832289595,-4.13927805052476
1154,5,2,0,1,-5.66308757433429,-5.4444832289595,-4.13927805052476
1155,5,2,0,2,-5.62814501518865,-5.48605219069504,-5.13363952068316
1156,5,2,0,3,-5.69409784050914,-5.54107479874679,-5.08803723444854
1157,5,2,0,4,-5.68799499365132,-5.52404173462023,-4.95871322569552
1158,5,2,0,5,-5.68153684206404,-5.50665336576421,-4.8172709140862
1159,5,2,1,0,-5.26824177771117,-5.13707917048629,-4.87372122976596
1160,5,2,1,1,-5.72807509806207,-5.58598227356845,-5.23356960355657
1161,5,2,1,2,-5.73784535537707,-5.58482231361472,-5.13178474931646
1162,5,2,1,3,-5.73743074311031,-5.57347748407922,-5.00814897515451
1163,5,2,1,4,-5.7168091461929,-5.54192566989307,-4.85254321821506
1164,5,2,1,5,-5.6812669678077,-5.49545327423913,-4.67015585669659
1165,5,2,2,0,-5.48006944329231,-5.3379766187987,-4.98556394878681
1166,5,2,2,1,-5.7404039546656,-5.58738091290325,-5.13434334860499
1167,5,2,2,2,-5.73728401505197,-5.57333075602088,-5.00800224709617
1168,5,2,2,3,-5.74012994836777,-5.56524647206794,-4.87586402038993
1169,5,2,2,4,-5.736239252249,-5.55042555868043,-4.72512814113789
1170,5,2,2,5,-5.70990065187906,-5.51315674104175,-4.53998421733867
1171,5,2,3,0,-5.66510242811901,-5.51207938635666,-5.05904182205841
1172,5,2,3,1,-5.73708752395886,-5.57313426492777,-5.00780575600306
1173,5,2,3,2,-5.73484635826745,-5.55996288196762,-4.87058043028961
1174,5,2,3,3,-5.73311428673962,-5.54730059317104,-4.7220031756285
1175,5,2,3,4,-5.73286870942213,-5.53612479858482,-4.56295227488174
1176,5,2,3,5,-5.72052889587297,-5.51285476776692,-4.37974677296794
1177,5,2,4,0,-5.65961728740674,-5.49566402837565,-4.93033551945094
1178,5,2,4,1,-5.7050247454865,-5.53014126918667,-4.84075881750866
1179,5,2,4,2,-5.72467777791874,-5.53886408435017,-4.71356666680763
1180,5,2,4,3,-5.71222705395806,-5.51548314312075,-4.54231061941767
1181,5,2,4,4,-5.70883692237953,-5.50116279427348,-4.3680547994745
1182,5,2,4,5,-5.72513032860904,-5.50652598323425,-4.20132080479952
1183,5,2,5,0,-5.71020410722135,-5.53532063092152,-4.84593817924352
1184,5,2,5,1,-5.7074377018195,-5.52162400825093,-4.69632659070839
1185,5,2,5,2,-5.72571372342969,-5.52896981259238,-4.5557972888893
1186,5,2,5,3,-5.69630847090689,-5.48863434280084,-4.35552634800186
1187,5,2,5,4,-5.72403878237479,-5.505434437,-4.20022925856527
1188,5,2,5,5,-5.72080312874101,-5.49126856609748,-4.00170200514551
1189,5,3,0,0,-5.72080312874101,-5.49126856609748,-4.00170200514551
1190,5,3,0,1,-5.72080312874101,-5.49126856609748,-4.00170200514551
1191,5,3,0,2,-5.65658709595445,-5.5035640541921,-5.05052648989385
1192,5,3,0,3,-5.64886301554558,-5.48490975651449,-4.91958124758978
1193,5,3,0,4,-5.61184063512216,-5.43695715882233,-4.74757470714432
1194,5,3,0,5,-5.65050510992811,-5.46469141635954,-4.639393998817
1195,5,3,1,0,-5.6421372122636,-5.50004438776999,-5.14763171775811
1196,5,3,1,1,-5.71712708941196,-5.56410404764961,-5.11106648335136
1197,5,3,1,2,-5.72752342403192,-5.56357016500082,-4.99824165607611
1198,5,3,1,3,-5.75293489564338,-5.57805141934355,-4.88866896766555
1199,5,3,1,4,-5.74332959309502,-5.55751589952644,-4.7322184819839
1200,5,3,1,5,-5.72450370649596,-5.52775979565865,-4.55458727195557
1201,5,3,2,0,-5.66871264404464,-5.51568960228229,-5.06265203798403
1202,5,3,2,1,-5.71925483794094,-5.55530157890985,-4.98997306998514
1203,5,3,2,2,-5.70515310242272,-5.53026962612289,-4.84088717444488
1204,5,3,2,3,-5.73071657807782,-5.54490288450925,-4.71960546696671
1205,5,3,2,4,-5.74979747452687,-5.55305356368956,-4.57988103998648
1206,5,3,2,5,-5.70962312939324,-5.50194900128719,-4.36884100648821
1207,5,3,3,0,-5.50472830984552,-5.34077505081442,-4.77544654188971
1208,5,3,3,1,-5.74645186123809,-5.57156838493826,-4.88218593326026
1209,5,3,3,2,-5.69452909334419,-5.50871539977562,-4.68341798223308
1210,5,3,3,3,-5.72919582036149,-5.53245190952418,-4.5592793858211
1211,5,3,3,4,-5.72339448880513,-5.51572036069908,-4.3826123659001
1212,5,3,3,5,-5.68875364782728,-5.47014930245249,-4.16494412401776
1213,5,3,4,0,-5.65697098682033,-5.4820875105205,-4.7927050588425
1214,5,3,4,1,-5.6959337655819,-5.51012007201333,-4.68482265447079
1215,5,3,4,2,-5.679471517401,-5.48272760656369,-4.50955508286061
1216,5,3,4,3,-5.68458086875275,-5.4769067406467,-4.34379874584772
1217,5,3,4,4,-5.68175868287728,-5.46315433750249,-4.15794915906776
1218,5,3,4,5,-5.7027432843161,-5.47320872167257,-3.9836421607206
1219,5,3,5,0,-5.7027432843161,-5.47320872167257,-3.9836421607206
1220,5,3,5,1,-5.70906639158314,-5.51232248074583,-4.53914995704275
1221,5,3,5,2,-5.70211170231996,-5.49443757421391,-4.36132957941493
1222,5,3,5,3,-5.70146850848425,-5.48286416310946,-4.17765898467473
1223,5,3,5,4,-5.65409831965287,-5.42456375700934,-3.93499719605737
1224,5,3,5,5,-5.70216277509266,-5.46169799518039,-3.77540221171238
1225,5,4,0,0,-5.70216277509266,-5.46169799518039,-3.77540221171238
1226,5,4,0,1,-5.70216277509266,-5.46169799518039,-3.77540221171238
1227,5,4,0,2,-5.6372095682727,-5.4732563092416,-4.9079278003169
1228,5,4,0,3,-5.633763244498,-5.45887976819817,-4.76949731652016
1229,5,4,0,4,-5.6525423521783,-5.46672865860973,-4.64143124106719
1230,5,4,0,5,-5.64333286562505,-5.44658895478774,-4.47341643108466
1231,5,4,1,0,-5.64333286562505,-5.44658895478774,-4.47341643108466
1232,5,4,1,1,-5.71432827586626,-5.55037501683517,-4.98504650791046
1233,5,4,1,2,-5.73801977307782,-5.56313629677799,-4.87375384509998
1234,5,4,1,3,-5.73725685477831,-5.55144316120974,-4.7261457436672
1235,5,4,1,4,-5.73183333571049,-5.53508942487318,-4.5619169011701
1236,5,4,1,5,-5.71550487394399,-5.50783074583794,-4.37472275103897
1237,5,4,2,0,-5.48683120075016,-5.32287794171906,-4.75754943279436
1238,5,4,2,1,-5.69207700243618,-5.51719352613634,-4.82781107445834
1239,5,4,2,2,-5.69189659544021,-5.50608290187164,-4.6807854843291
1240,5,4,2,3,-5.67719799357185,-5.48045408273454,-4.50728155903146
1241,5,4,2,4,-5.72990333165401,-5.52222920354796,-4.38912120874898
1242,5,4,2,5,-5.72270310540597,-5.50409876003118,-4.19889358159645
1243,5,4,3,0,-5.72270310540597,-5.50409876003118,-4.19889358159645
1244,5,4,3,1,-5.71265265128921,-5.52683895772064,-4.7015415401781
1245,5,4,3,2,-5.68088736742183,-5.48414345658452,-4.51097093288144
1246,5,4,3,3,-5.7185699346945,-5.51089580658845,-4.37778781178947
1247,5,4,3,4,-5.72048689927426,-5.50188255389947,-4.19667737546473
1248,5,4,3,5,-5.71678515745886,-5.48725059481533,-3.99768403386336
1249,5,4,4,0,-5.65325857299278,-5.46744487942421,-4.64214746188167
1250,5,4,4,1,-5.70817564351429,-5.51143173267698,-4.5382592089739
1251,5,4,4,2,-5.70170826454533,-5.49403413643928,-4.36092614164031
1252,5,4,4,3,-5.72123428548011,-5.50262994010532,-4.19742476167058
1253,5,4,4,4,-5.69436919054969,-5.46483462790616,-3.97526806695419
1254,5,4,4,5,-5.7028581126543,-5.46239333274203,-3.77609754927402
1255,5,4,5,0,-5.6123609475891,-5.41561703675179,-4.44244451304871
1256,5,4,5,1,-5.72089083574375,-5.5132167076377,-4.38010871283872
1257,5,4,5,2,-5.70064898633554,-5.48204464096075,-4.17683946252602
1258,5,4,5,3,-5.69115932520504,-5.46162476256151,-3.97205820160954
1259,5,4,5,4,-5.68130896572614,-5.44084418581387,-3.75454840234586
1260,5,4,5,5,-5.65310035934492,-5.40170536216391,-3.50620770397769
1261,5,5,0,0,-5.65310035934492,-5.40170536216391,-3.50620770397769
1262,5,5,0,1,-5.6721255204032,-5.50817226137211,-4.9428437524474
1263,5,5,0,2,-5.66300527788186,-5.48812180158203,-4.79873934990402
1264,5,5,0,3,-5.66106574050549,-5.47525204693692,-4.64995462939438
1265,5,5,0,4,-5.6409383811763,-5.44419447033899,-4.47102194663591
1266,5,5,0,5,-5.59734178051294,-5.38966765240689,-4.25655965760791
1267,5,5,1,0,-5.63036880647661,-5.46641554744552,-4.90108703852081
1268,5,5,1,1,-5.63036880647661,-5.46641554744552,-4.90108703852081
1269,5,5,1,2,-5.63036880647661,-5.46641554744552,-4.90108703852081
1270,5,5,1,3,-5.74051472413608,-5.54377081329877,-4.57059828959569
1271,5,5,1,4,-5.74051472413608,-5.54377081329877,-4.57059828959569
1272,5,5,1,5,-5.71528065325263,-5.49667630787784,-4.19147112944311
1273,5,5,2,0,-5.61462248244784,-5.43973900614801,-4.75035655447
1274,5,5,2,1,-5.75114808318085,-5.56533438961228,-4.74003697206974
1275,5,5,2,2,-5.75114808318085,-5.56533438961228,-4.74003697206974
1276,5,5,2,3,-5.72697483400035,-5.5193007058943,-4.38619271109532
1277,5,5,2,4,-5.6834506129271,-5.46484626755231,-4.15964108911757
1278,5,5,2,5,-5.71440737367971,-5.48487281103618,-3.9953062500842
1279,5,5,3,0,-5.68261822740909,-5.49680453384052,-4.67150711629798
1280,5,5,3,1,-5.72141128127078,-5.52466737043347,-4.55149484673039
1281,5,5,3,2,-5.67391677624521,-5.46624264813916,-4.33313465334018
1282,5,5,3,3,-5.7175293954156,-5.49892505004081,-4.19371987160607
1283,5,5,3,4,-5.70959089389836,-5.48005633125483,-3.99048977030285
1284,5,5,3,5,-5.70649658313731,-5.46603180322504,-3.77973601975703
1285,5,5,4,0,-5.70649658313731,-5.46603180322504,-3.77973601975703
1286,5,5,4,1,-5.70112138743479,-5.49344725932874,-4.36033926452976
1287,5,5,4,2,-5.71873696369265,-5.50013261831786,-4.19492743988313
1288,5,5,4,3,-5.71138781297465,-5.48185325033113,-3.99228668937915
1289,5,5,4,4,-5.68503168616733,-5.44456690625506,-3.75827112278705
1290,5,5,4,5,-5.66830436959965,-5.41690937241864,-3.52141171423242
1291,5,5,5,0,-5.69714760243529,-5.48947347432924,-4.35636547953026
1292,5,5,5,1,-5.69714760243529,-5.48947347432924,-4.35636547953026
1293,5,5,5,2,-5.69270420735243,-5.4631696447089,-3.97360308375693
1294,5,5,5,3,-5.70983564402962,-5.46937086411735,-3.78307508064934
1295,5,5,5,4,-5.67875455040144,-5.42735955322043,-3.53186189503421
1296,5,5,5,5,-5.7005486004516,-5.43822338600185,-3.32094520101817
